duration_seconds,cpu0_package_joules,cpu0_core_joules,cpu0_uncore_joules,cpu0_dram_joules,image,model
6.198968,45.060425,38.906006,0.089478,4.653992,500b,resnet152
1.091338,6.828857,5.846191,0.009216,0.838928,500b,resnet152
1.111625,6.957825,5.961975,0.008057,0.847534,500b,resnet152
1.049600,6.630981,5.664795,0.008789,0.822144,500b,resnet152
1.069386,6.464294,5.578613,0.005249,0.811951,500b,resnet152
0.989269,6.253723,5.471924,0.005249,0.749573,500b,resnet152
1.191927,6.705200,5.728088,0.008728,0.898010,500b,resnet152
1.010916,6.438049,5.576050,0.010010,0.789673,500b,resnet152
1.074917,6.628357,5.722290,0.008118,0.834839,500b,resnet152
1.098152,7.284119,6.148315,0.008545,0.883423,500b,resnet152
1.199305,6.832764,5.806519,0.010986,0.897949,500b,resnet152
1.083194,6.546570,5.643250,0.007141,0.831787,500b,resnet152
1.767310,8.039978,6.602600,0.009155,1.226501,500b,resnet152
1.071455,6.976074,5.972961,0.008606,0.877686,500b,resnet152
0.975640,6.587830,5.667358,0.012817,0.783936,500b,resnet152
1.118626,7.163025,6.163147,0.008240,0.870911,500b,resnet152
1.034797,6.394409,5.540833,0.004639,0.791016,500b,resnet152
1.103015,6.549744,5.632751,0.010559,0.844543,500b,resnet152
1.104688,6.633057,5.821350,0.010559,0.819763,500b,resnet152
1.108252,6.650330,5.709839,0.008362,0.846375,500b,resnet152
1.073029,6.643372,5.684631,0.009827,0.831421,500b,resnet152
1.076490,6.534668,5.609619,0.008606,0.825745,500b,resnet152
1.127056,6.666504,5.722961,0.009460,0.852539,500b,resnet152
1.055441,6.877319,5.991455,0.007385,0.806396,500b,resnet152
1.088202,6.556213,5.563110,0.004700,0.833374,500b,resnet152
1.196414,6.728210,5.747070,0.007568,0.898376,500b,resnet152
1.094527,6.663879,5.688049,0.010010,0.837341,500b,resnet152
1.090015,6.622070,5.669006,0.014465,0.842163,500b,resnet152
1.137530,6.871887,5.889160,0.007507,0.864868,500b,resnet152
1.077987,6.678162,5.755127,0.008728,0.824890,500b,resnet152
1.074226,6.991638,6.019958,0.003784,0.812195,500b,resnet152
1.212057,7.242981,6.275452,0.003784,0.889221,500b,resnet152
0.962592,6.489441,5.611267,0.008118,0.763184,500b,resnet152
0.989965,6.491394,5.614075,0.010254,0.781921,500b,resnet152
1.095505,6.577759,5.669678,0.008606,0.830139,500b,resnet152
1.083302,6.558960,5.621399,0.004456,0.820374,500b,resnet152
1.093024,6.853455,5.876587,0.011230,0.869568,500b,resnet152
1.095978,6.698242,5.743958,0.009521,0.844971,500b,resnet152
0.996544,6.458069,5.580261,0.009583,0.784424,500b,resnet152
1.214450,7.437134,6.363770,0.007385,0.925598,500b,resnet152
1.071350,6.578918,5.661194,0.006165,0.809631,500b,resnet152
1.090131,6.734741,5.757996,0.008057,0.839111,500b,resnet152
1.092390,6.617310,5.668579,0.009460,0.831238,500b,resnet152
0.994221,6.453491,5.598755,0.009766,0.775574,500b,resnet152
1.088767,6.398804,5.577637,0.009766,0.805786,500b,resnet152
0.962710,6.510315,5.607666,0.007568,0.764343,500b,resnet152
1.020214,6.473083,5.575684,0.007874,0.800720,500b,resnet152
0.996840,6.688232,5.845581,0.005493,0.774963,500b,resnet152
0.875214,6.267578,5.426147,0.009277,0.708374,500b,resnet152
1.198777,6.858887,5.820251,0.007690,0.902832,500b,resnet152
0.987903,6.406860,5.575073,0.006409,0.764526,500b,resnet152
1.091650,6.500061,5.570984,0.006226,0.833435,500b,resnet152
1.197913,6.753113,5.751709,0.008423,0.898865,500b,resnet152
1.091218,6.635986,5.682617,0.010864,0.841919,500b,resnet152
1.117611,6.731079,5.697510,0.009827,0.844482,500b,resnet152
1.092149,7.340637,6.330200,0.008850,0.871033,500b,resnet152
1.072308,6.553772,5.662354,0.010071,0.824036,500b,resnet152
0.982931,6.163391,5.433228,0.010071,0.748657,500b,resnet152
1.114465,6.771057,5.787659,0.008423,0.863770,500b,resnet152
1.272804,7.073059,5.932129,0.009583,0.944946,500b,resnet152
1.206571,6.796570,5.731750,0.009155,0.907776,500b,resnet152
1.183046,6.824524,5.828796,0.009399,0.901245,500b,resnet152
1.094544,6.707275,5.720520,0.008423,0.839722,500b,resnet152
1.091229,7.025024,6.059204,0.008850,0.847534,500b,resnet152
1.192885,6.780945,5.737732,0.008728,0.895264,500b,resnet152
1.098049,6.683716,5.734497,0.007446,0.840759,500b,resnet152
0.983760,6.510376,5.650757,0.010254,0.778198,500b,resnet152
1.093254,6.633789,5.698730,0.009705,0.841248,500b,resnet152
1.092757,6.535095,5.603516,0.007324,0.838440,500b,resnet152
1.195703,6.746826,5.761414,0.009583,0.901855,500b,resnet152
1.092179,6.387451,5.561768,0.009583,0.808533,500b,resnet152
1.093307,7.071655,6.064575,0.013489,0.858154,500b,resnet152
1.191747,6.713135,5.738708,0.009521,0.892212,500b,resnet152
1.092328,6.540283,5.621765,0.009521,0.840759,500b,resnet152
1.105005,6.608459,5.663635,0.009033,0.848267,500b,resnet152
1.128188,6.885559,5.865173,0.009460,0.849915,500b,resnet152
1.072027,6.622314,5.723633,0.008850,0.821533,500b,resnet152
0.860327,6.180359,5.381714,0.004211,0.695435,500b,resnet152
0.990167,6.310852,5.463135,0.009155,0.772949,500b,resnet152
1.015468,6.852112,5.917786,0.005981,0.790466,500b,resnet152
1.223430,7.028687,5.970886,0.009949,0.916321,500b,resnet152
1.030573,6.476013,5.573059,0.008606,0.803345,500b,resnet152
0.993177,6.395508,5.530945,0.008850,0.778015,500b,resnet152
0.998253,6.363770,5.581055,0.008850,0.761963,500b,resnet152
1.081055,6.596436,5.630066,0.008789,0.833069,500b,resnet152
1.096558,6.560791,5.618225,0.008606,0.838806,500b,resnet152
0.993226,6.479248,5.604919,0.008911,0.785706,500b,resnet152
1.092975,6.755127,5.799133,0.008667,0.835754,500b,resnet152
0.992773,6.363464,5.512512,0.004089,0.772522,500b,resnet152
1.081884,6.671082,5.677368,0.009705,0.837769,500b,resnet152
1.200762,7.245789,6.186157,0.010193,0.946594,500b,resnet152
0.993544,6.405029,5.545898,0.008179,0.776184,500b,resnet152
1.194593,6.841003,5.835510,0.007812,0.897400,500b,resnet152
1.089909,6.514465,5.610107,0.004883,0.819092,500b,resnet152
1.090839,6.554810,5.610229,0.009338,0.843933,500b,resnet152
1.093244,6.558105,5.645447,0.008911,0.833923,500b,resnet152
1.194940,6.609802,5.727173,0.008911,0.869019,500b,resnet152
1.095108,6.636780,5.699402,0.007324,0.851624,500b,resnet152
1.191184,6.712219,5.725281,0.010193,0.891479,500b,resnet152
1.088351,6.600525,5.644409,0.009949,0.836792,500b,resnet152
5.294702,31.349243,26.302063,0.078064,3.730164,500b,resnet34
0.888437,3.690063,2.927673,0.008362,0.605591,500b,resnet34
1.079953,3.916504,3.071289,0.009155,0.718323,500b,resnet34
0.887276,3.495789,2.784302,0.004517,0.593079,500b,resnet34
0.990467,3.642761,2.868286,0.009949,0.661438,500b,resnet34
0.889444,3.543152,2.837341,0.008179,0.607544,500b,resnet34
0.995697,3.743835,2.981689,0.009460,0.665588,500b,resnet34
0.891097,3.452820,2.798401,0.004089,0.591187,500b,resnet34
0.989145,3.617188,2.851501,0.009155,0.657837,500b,resnet34
0.991468,3.659851,2.897644,0.009033,0.663879,500b,resnet34
0.990048,3.542053,2.845093,0.003418,0.650696,500b,resnet34
0.888138,3.528076,2.795776,0.010681,0.609497,500b,resnet34
0.990356,3.344666,2.737122,0.010681,0.634033,500b,resnet34
0.906182,4.034363,3.271423,0.008545,0.617004,500b,resnet34
0.985987,3.764465,2.999023,0.007568,0.658325,500b,resnet34
0.869706,3.403076,2.752869,0.004272,0.579590,500b,resnet34
0.991171,3.840820,3.075500,0.009827,0.692139,500b,resnet34
0.886321,3.382935,2.724976,0.005371,0.581726,500b,resnet34
0.889550,3.475891,2.800842,0.008484,0.603027,500b,resnet34
0.885620,3.536316,2.841675,0.008362,0.597656,500b,resnet34
1.012101,3.809814,2.989075,0.009583,0.670471,500b,resnet34
0.988948,4.080139,3.327576,0.003723,0.651733,500b,resnet34
0.985388,3.745422,2.946716,0.009338,0.658508,500b,resnet34
0.995676,3.763855,2.953064,0.008850,0.666443,500b,resnet34
0.989967,3.574524,2.863037,0.004089,0.647217,500b,resnet34
0.984878,3.663635,2.953552,0.004211,0.642395,500b,resnet34
0.870777,3.456055,2.748840,0.007812,0.591248,500b,resnet34
0.890107,3.379028,2.740051,0.003967,0.592468,500b,resnet34
0.987101,3.594238,2.817627,0.008667,0.668396,500b,resnet34
0.990980,3.586548,2.838379,0.009094,0.667358,500b,resnet34
0.881301,3.265381,2.606201,0.004272,0.584595,500b,resnet34
0.999557,3.765381,2.988220,0.008850,0.672546,500b,resnet34
0.991450,3.592957,2.891235,0.005432,0.654785,500b,resnet34
0.887057,3.455750,2.766357,0.008484,0.598877,500b,resnet34
0.993661,3.667664,2.950684,0.006775,0.661865,500b,resnet34
0.881359,3.374512,2.685303,0.005127,0.585388,500b,resnet34
0.990228,3.602844,2.855164,0.008606,0.661072,500b,resnet34
0.990202,3.606384,2.854004,0.003174,0.648987,500b,resnet34
0.919963,3.627869,2.947632,0.004944,0.635986,500b,resnet34
0.958819,3.634399,2.858337,0.008362,0.650574,500b,resnet34
1.090940,3.796692,2.983765,0.010071,0.719299,500b,resnet34
0.909763,3.509949,2.843567,0.005005,0.599731,500b,resnet34
0.989768,3.789124,3.015808,0.008057,0.657410,500b,resnet34
0.991197,3.735046,2.966125,0.009277,0.660400,500b,resnet34
0.983428,3.722839,2.951233,0.003601,0.646301,500b,resnet34
1.077159,3.812073,2.976074,0.009705,0.713013,500b,resnet34
0.891731,3.876892,3.180359,0.008850,0.612183,500b,resnet34
1.214067,4.185303,3.262512,0.007874,0.798279,500b,resnet34
0.987155,3.671021,2.928589,0.005249,0.646545,500b,resnet34
0.989949,3.749451,2.934021,0.009705,0.669067,500b,resnet34
0.887417,3.499756,2.853333,0.005859,0.591064,500b,resnet34
0.968557,3.475586,2.791016,0.005859,0.627441,500b,resnet34
0.886518,3.467407,2.774902,0.007874,0.608032,500b,resnet34
0.995803,3.843567,3.068970,0.008179,0.681213,500b,resnet34
0.881103,3.441772,2.787415,0.003845,0.586487,500b,resnet34
0.990538,3.658630,2.889771,0.009338,0.666626,500b,resnet34
0.886823,3.464417,2.813660,0.003845,0.596191,500b,resnet34
0.990462,3.608276,2.829956,0.009155,0.663086,500b,resnet34
0.895632,3.651062,2.994507,0.005310,0.607117,500b,resnet34
1.000864,3.663818,2.907532,0.009094,0.671570,500b,resnet34
1.037158,4.045715,3.240540,0.007690,0.719055,500b,resnet34
0.928202,3.602356,2.910339,0.005615,0.624023,500b,resnet34
0.888099,3.445740,2.732361,0.009644,0.603455,500b,resnet34
0.993650,3.731873,3.002563,0.003540,0.656494,500b,resnet34
0.887838,3.483276,2.861450,0.004578,0.602417,500b,resnet34
0.988566,3.677795,2.926331,0.007812,0.665161,500b,resnet34
0.988915,3.713135,2.891479,0.011169,0.662842,500b,resnet34
1.060151,4.082947,3.273071,0.009521,0.706360,500b,resnet34
0.919312,3.739258,3.016663,0.004578,0.629028,500b,resnet34
0.996430,3.693787,2.942627,0.009521,0.666382,500b,resnet34
0.889671,3.450928,2.774170,0.005615,0.595703,500b,resnet34
0.911592,3.616455,2.885315,0.009155,0.610474,500b,resnet34
0.971851,3.653137,2.941101,0.005432,0.647522,500b,resnet34
0.983880,3.549438,2.798767,0.007690,0.655273,500b,resnet34
1.706588,5.045532,3.770203,0.015259,1.087341,500b,resnet34
2.016539,5.822998,4.330505,0.016846,1.274414,500b,resnet34
0.921635,3.730530,2.985962,0.010193,0.622009,500b,resnet34
0.984512,3.641663,2.959167,0.010193,0.631836,500b,resnet34
0.967932,3.557373,2.810730,0.009705,0.647766,500b,resnet34
0.895079,3.526062,2.841675,0.009033,0.606873,500b,resnet34
0.996615,3.622498,2.886169,0.003540,0.657288,500b,resnet34
1.000020,3.879395,3.056274,0.008972,0.671631,500b,resnet34
0.990159,3.682495,2.955688,0.006348,0.648438,500b,resnet34
0.966628,3.515869,2.788818,0.005493,0.639404,500b,resnet34
0.915562,3.519104,2.829407,0.009216,0.612122,500b,resnet34
0.984610,3.633362,2.925110,0.004028,0.643555,500b,resnet34
0.896074,3.624695,2.920288,0.010132,0.607422,500b,resnet34
0.937638,3.338440,2.695618,0.004639,0.620300,500b,resnet34
0.908560,3.546265,2.846924,0.008362,0.613220,500b,resnet34
0.992323,3.858093,3.135864,0.009155,0.684143,500b,resnet34
1.090214,3.848633,3.068787,0.009155,0.706848,500b,resnet34
0.975435,3.715759,2.923218,0.008240,0.657227,500b,resnet34
0.981107,3.584961,2.862488,0.009583,0.653137,500b,resnet34
0.891568,3.494934,2.824585,0.005371,0.597595,500b,resnet34
0.986954,3.751282,2.923462,0.009399,0.668091,500b,resnet34
0.890028,3.505066,2.837463,0.004883,0.592041,500b,resnet34
0.909481,3.697388,2.965149,0.010254,0.618591,500b,resnet34
0.970309,3.705017,3.001648,0.004944,0.648865,500b,resnet34
1.008706,3.749084,2.980957,0.008789,0.675598,500b,resnet34
1.096483,3.975037,3.133606,0.010681,0.721680,500b,resnet34
5.324995,34.230347,28.882507,0.081421,3.869629,500b,resnet50
0.999474,4.155945,3.392700,0.009460,0.704773,500b,resnet50
0.983778,4.003296,3.279541,0.009460,0.672302,500b,resnet50
1.001336,4.155029,3.346313,0.009399,0.713806,500b,resnet50
0.982047,4.088562,3.298645,0.008118,0.701904,500b,resnet50
0.996621,4.047424,3.293640,0.004639,0.690857,500b,resnet50
1.209800,4.545227,3.585693,0.011047,0.829102,500b,resnet50
0.967788,4.104065,3.303833,0.009277,0.698181,500b,resnet50
0.991638,4.081421,3.312378,0.008484,0.702026,500b,resnet50
0.989150,4.082153,3.347046,0.003784,0.688843,500b,resnet50
1.006180,4.116455,3.322815,0.009644,0.708130,500b,resnet50
0.995099,4.120728,3.369019,0.007141,0.710693,500b,resnet50
0.988566,4.133240,3.380615,0.004578,0.693237,500b,resnet50
0.980833,4.050476,3.246521,0.008728,0.699646,500b,resnet50
1.089765,4.246948,3.436646,0.008484,0.755676,500b,resnet50
1.106217,4.148499,3.428772,0.008484,0.750671,500b,resnet50
0.976779,4.229370,3.460999,0.008545,0.724182,500b,resnet50
0.993143,4.268188,3.409546,0.008484,0.709106,500b,resnet50
0.990519,3.981995,3.267700,0.005005,0.687805,500b,resnet50
0.905036,3.973450,3.234741,0.009766,0.652710,500b,resnet50
0.972091,4.010559,3.284912,0.004883,0.679810,500b,resnet50
1.015980,4.159668,3.331604,0.008362,0.722229,500b,resnet50
1.070167,4.385254,3.490540,0.011536,0.757507,500b,resnet50
0.883982,3.830994,3.156616,0.004578,0.623779,500b,resnet50
0.991062,4.133789,3.321960,0.009094,0.707703,500b,resnet50
0.988888,4.053467,3.280701,0.008850,0.709229,500b,resnet50
0.988010,3.999329,3.227356,0.004639,0.687866,500b,resnet50
0.988705,4.096008,3.296326,0.008118,0.702271,500b,resnet50
0.990769,3.867432,3.195740,0.008118,0.680725,500b,resnet50
1.194159,4.439636,3.524475,0.007812,0.820679,500b,resnet50
0.994310,4.145142,3.332092,0.009583,0.714417,500b,resnet50
0.986669,4.097229,3.307556,0.009949,0.698059,500b,resnet50
1.340076,4.822327,3.729553,0.009338,0.902771,500b,resnet50
1.049294,4.403381,3.561646,0.009827,0.749207,500b,resnet50
0.988315,3.978088,3.236206,0.004639,0.686096,500b,resnet50
0.992558,4.109436,3.297119,0.009888,0.707520,500b,resnet50
1.114499,4.250610,3.399536,0.008606,0.770081,500b,resnet50
0.990653,3.986633,3.252319,0.003601,0.685364,500b,resnet50
0.986055,3.960510,3.193542,0.007385,0.696533,500b,resnet50
0.993384,4.142456,3.326233,0.012512,0.717102,500b,resnet50
0.970084,4.055542,3.259521,0.004761,0.676331,500b,resnet50
1.086305,4.062256,3.356506,0.004761,0.732056,500b,resnet50
1.012230,4.097656,3.314331,0.007874,0.713074,500b,resnet50
0.966662,4.445984,3.652588,0.009399,0.690063,500b,resnet50
1.011883,4.058716,3.305603,0.005127,0.700012,500b,resnet50
0.974545,4.290283,3.406982,0.008972,0.704529,500b,resnet50
0.983670,4.008728,3.245911,0.008667,0.693176,500b,resnet50
1.091633,4.187927,3.371582,0.008301,0.753418,500b,resnet50
1.091191,4.181885,3.339233,0.007385,0.758484,500b,resnet50
0.989166,4.028137,3.212524,0.007690,0.704224,500b,resnet50
1.090967,4.239502,3.391907,0.008301,0.762329,500b,resnet50
0.881997,3.769470,3.084167,0.004089,0.625732,500b,resnet50
1.013017,4.415710,3.559326,0.010071,0.753052,500b,resnet50
0.978692,4.035645,3.295410,0.007324,0.697754,500b,resnet50
0.983576,4.020142,3.240906,0.004761,0.690491,500b,resnet50
0.990072,4.017822,3.231018,0.009033,0.701294,500b,resnet50
0.989497,4.050415,3.253052,0.009094,0.698242,500b,resnet50
1.101815,4.387634,3.559082,0.008301,0.768188,500b,resnet50
0.878912,3.768066,3.071228,0.004272,0.627319,500b,resnet50
1.009404,4.116455,3.305603,0.010071,0.707703,500b,resnet50
0.972552,3.936340,3.172363,0.003540,0.675964,500b,resnet50
0.885680,3.882874,3.169434,0.010010,0.639832,500b,resnet50
0.897457,3.754395,3.091980,0.004150,0.629944,500b,resnet50
0.978794,4.050598,3.244873,0.010254,0.690308,500b,resnet50
1.094247,4.226440,3.401978,0.008728,0.758606,500b,resnet50
2.047813,6.017578,4.577515,0.013184,1.339172,500b,resnet50
1.099922,4.368530,3.460022,0.009827,0.771301,500b,resnet50
0.959519,3.805237,3.157837,0.009827,0.655273,500b,resnet50
0.982856,4.030762,3.272339,0.008911,0.692444,500b,resnet50
0.989329,4.077026,3.268860,0.009644,0.704102,500b,resnet50
0.966129,3.963928,3.248474,0.004639,0.675476,500b,resnet50
0.935103,4.054077,3.293396,0.010010,0.666138,500b,resnet50
0.965186,4.048035,3.303345,0.007141,0.681335,500b,resnet50
0.882079,3.829346,3.089111,0.005554,0.631165,500b,resnet50
0.998300,4.238953,3.425903,0.008850,0.707336,500b,resnet50
0.983244,3.986389,3.247192,0.004211,0.680481,500b,resnet50
0.889821,3.892029,3.156799,0.008362,0.644592,500b,resnet50
1.000367,4.111633,3.330139,0.004761,0.692993,500b,resnet50
0.976476,3.993713,3.200317,0.009521,0.695190,500b,resnet50
0.990654,4.014038,3.242004,0.009277,0.702637,500b,resnet50
0.989191,4.055664,3.357483,0.009277,0.702026,500b,resnet50
0.913120,4.361694,3.515320,0.013550,0.694031,500b,resnet50
0.890316,4.137329,3.351013,0.009827,0.647949,500b,resnet50
0.975958,4.211609,3.414185,0.007629,0.700256,500b,resnet50
0.980843,4.099731,3.258667,0.013733,0.705078,500b,resnet50
0.991492,3.991577,3.241638,0.004395,0.687744,500b,resnet50
0.982557,4.190186,3.417175,0.008423,0.707458,500b,resnet50
0.996075,4.154846,3.351501,0.009155,0.709778,500b,resnet50
0.979988,4.010132,3.273682,0.005066,0.682251,500b,resnet50
0.989966,4.098206,3.308655,0.008850,0.703003,500b,resnet50
1.016899,4.109802,3.328125,0.008179,0.715149,500b,resnet50
0.967301,4.071533,3.304199,0.004211,0.680481,500b,resnet50
0.892153,4.288269,3.562744,0.008057,0.645569,500b,resnet50
0.769395,3.489441,2.958313,0.008057,0.546997,500b,resnet50
0.914706,4.006592,3.276245,0.009644,0.661194,500b,resnet50
0.994894,4.262939,3.437683,0.006897,0.714050,500b,resnet50
0.960238,3.884399,3.177368,0.003235,0.669495,500b,resnet50
0.890613,4.046936,3.316223,0.009216,0.652832,500b,resnet50
0.904125,3.903870,3.203857,0.004395,0.636902,500b,resnet50
0.970053,4.145996,3.284546,0.009094,0.692444,500b,resnet50
4.962481,31.567566,26.554260,0.079041,3.564941,500b,resnet18
0.889950,4.125122,3.322327,0.033997,0.676819,500b,resnet18
0.798539,3.333313,2.575073,0.053101,0.615967,500b,resnet18
0.904555,3.786438,2.870911,0.040771,0.673035,500b,resnet18
0.910634,3.448181,2.619385,0.055237,0.682495,500b,resnet18
0.805182,3.193481,2.471436,0.042786,0.607117,500b,resnet18
1.028563,3.735901,2.716187,0.055908,0.757690,500b,resnet18
0.784642,3.068237,2.374329,0.044189,0.588013,500b,resnet18
0.816621,3.387756,2.609131,0.048645,0.628418,500b,resnet18
0.898911,4.069702,3.204102,0.043091,0.668579,500b,resnet18
0.802023,3.100281,2.365234,0.042358,0.606628,500b,resnet18
0.802370,3.304260,2.559448,0.034058,0.610596,500b,resnet18
0.910274,3.418152,2.599670,0.041870,0.664062,500b,resnet18
0.806302,3.253967,2.493164,0.052551,0.607849,500b,resnet18
0.818749,3.336182,2.545654,0.041626,0.614990,500b,resnet18
0.900708,3.879333,3.009460,0.053833,0.692383,500b,resnet18
0.799884,3.114441,2.382507,0.033875,0.593506,500b,resnet18
1.014706,3.609802,2.700623,0.054077,0.746704,500b,resnet18
0.909067,3.687195,2.827942,0.042053,0.699341,500b,resnet18
1.421577,4.429077,3.283936,0.066345,0.989441,500b,resnet18
0.905112,3.360962,2.582703,0.037476,0.658386,500b,resnet18
0.913260,3.529602,2.679260,0.058777,0.692261,500b,resnet18
0.806700,3.381531,2.661804,0.040039,0.617126,500b,resnet18
0.810448,3.371338,2.615112,0.043640,0.615051,500b,resnet18
0.903316,3.470459,2.616150,0.048279,0.672607,500b,resnet18
0.912038,3.393066,2.594299,0.043762,0.675476,500b,resnet18
0.907218,3.359924,2.547424,0.039185,0.655518,500b,resnet18
0.814667,3.368042,2.624634,0.041016,0.614929,500b,resnet18
0.898904,3.482727,2.630127,0.054382,0.674500,500b,resnet18
0.815751,3.263733,2.543945,0.044617,0.607300,500b,resnet18
0.898295,3.464844,2.590149,0.053101,0.671448,500b,resnet18
0.813471,3.282532,2.536804,0.043091,0.617371,500b,resnet18
0.815975,3.346497,2.547485,0.054504,0.624756,500b,resnet18
0.908473,3.557251,2.755493,0.042908,0.669434,500b,resnet18
0.914003,3.550415,2.689453,0.053223,0.693542,500b,resnet18
0.893751,3.307495,2.530884,0.030762,0.646118,500b,resnet18
0.911831,3.527832,2.639771,0.057312,0.688110,500b,resnet18
0.906438,3.821838,3.003601,0.042236,0.668030,500b,resnet18
0.891254,3.295776,2.422852,0.046143,0.648376,500b,resnet18
0.911660,3.501404,2.676086,0.044189,0.669678,500b,resnet18
0.910788,3.581848,2.708923,0.055542,0.692505,500b,resnet18
0.833802,3.310608,2.573120,0.042542,0.626587,500b,resnet18
0.980369,3.773438,2.843323,0.052551,0.721008,500b,resnet18
0.915263,3.448669,2.644104,0.042603,0.668579,500b,resnet18
0.898858,3.399231,2.562622,0.050415,0.669861,500b,resnet18
0.807269,3.236816,2.489990,0.042847,0.607666,500b,resnet18
0.842079,3.726074,2.854309,0.071533,0.701233,500b,resnet18
0.874574,3.291321,2.545593,0.035400,0.643677,500b,resnet18
0.929614,3.734924,2.821167,0.058105,0.689880,500b,resnet18
0.893524,3.334167,2.558044,0.038818,0.652466,500b,resnet18
0.915294,3.791870,2.848755,0.070007,0.728455,500b,resnet18
0.898938,3.507080,2.625610,0.058594,0.684021,500b,resnet18
0.921201,3.572327,2.693359,0.062195,0.714050,500b,resnet18
0.913627,3.733276,2.847717,0.074890,0.725708,500b,resnet18
0.984898,3.412537,2.542847,0.050903,0.712402,500b,resnet18
0.905954,3.719910,2.839966,0.073975,0.714417,500b,resnet18
0.910560,3.901978,3.002808,0.058899,0.718079,500b,resnet18
0.909710,3.680603,2.824524,0.069336,0.719421,500b,resnet18
0.795526,3.201355,2.422852,0.058655,0.619080,500b,resnet18
0.901960,3.741516,2.854736,0.071045,0.719177,500b,resnet18
0.912638,3.706421,2.811340,0.058105,0.711609,500b,resnet18
0.932632,3.638000,2.765503,0.068604,0.738281,500b,resnet18
0.877299,3.381165,2.538696,0.060303,0.664673,500b,resnet18
0.812743,3.392822,2.610962,0.066956,0.651917,500b,resnet18
0.904412,3.550171,2.712769,0.058899,0.693298,500b,resnet18
0.808175,3.474487,2.676514,0.071960,0.656982,500b,resnet18
0.803417,3.294739,2.525208,0.056335,0.634644,500b,resnet18
0.825978,3.421814,2.662598,0.060120,0.655273,500b,resnet18
0.890681,3.693420,2.827209,0.069031,0.710022,500b,resnet18
0.807625,3.484314,2.668762,0.059692,0.648071,500b,resnet18
0.817814,3.676392,2.882812,0.072449,0.674011,500b,resnet18
0.885218,3.279297,2.479187,0.059204,0.668762,500b,resnet18
0.911517,3.806213,2.904358,0.069275,0.731628,500b,resnet18
0.805605,3.408142,2.658386,0.057434,0.639038,500b,resnet18
1.003788,3.961731,2.947632,0.068176,0.781189,500b,resnet18
0.909466,3.644287,2.830811,0.059265,0.710327,500b,resnet18
0.908462,3.655945,2.783875,0.071777,0.720947,500b,resnet18
0.841790,3.658875,2.863159,0.061584,0.693115,500b,resnet18
0.873387,3.514099,2.639893,0.070129,0.696350,500b,resnet18
0.816611,3.335938,2.562500,0.056458,0.638550,500b,resnet18
0.811235,3.467712,2.637146,0.060852,0.648499,500b,resnet18
0.782142,3.056030,2.289062,0.065613,0.610657,500b,resnet18
0.906540,3.652649,2.821350,0.057861,0.706909,500b,resnet18
0.901975,3.449341,2.612061,0.069214,0.690979,500b,resnet18
0.800817,3.458435,2.656738,0.061096,0.640259,500b,resnet18
0.907982,3.630981,2.748718,0.070374,0.720093,500b,resnet18
0.922855,3.756470,2.874817,0.056335,0.717590,500b,resnet18
0.896230,3.338623,2.480957,0.072449,0.687927,500b,resnet18
0.886575,3.289673,2.480225,0.060242,0.674011,500b,resnet18
0.909273,3.429810,2.606262,0.068542,0.694031,500b,resnet18
0.929176,3.787964,2.899109,0.057373,0.717834,500b,resnet18
0.891007,3.692322,2.779297,0.068176,0.699646,500b,resnet18
0.798290,3.331604,2.519836,0.060669,0.629211,500b,resnet18
0.829231,3.593262,2.773865,0.071228,0.674683,500b,resnet18
0.875015,3.256714,2.465393,0.055298,0.657654,500b,resnet18
0.795721,3.216248,2.475952,0.065491,0.620483,500b,resnet18
0.825482,3.455688,2.686584,0.058350,0.653931,500b,resnet18
0.891666,3.637695,2.774841,0.059509,0.699097,500b,resnet18
1.110261,3.856445,2.867676,0.069031,0.812988,500b,resnet18
1.002402,3.902588,2.996521,0.072754,0.771973,500b,resnet18
6.899216,46.741272,39.842102,0.131165,5.127991,256Kb,resnet152
1.472843,7.616699,6.342285,0.029724,1.084229,256Kb,resnet152
1.726923,8.097534,6.671570,0.029480,1.233887,256Kb,resnet152
1.677004,7.677368,6.476318,0.029480,1.152283,256Kb,resnet152
1.751779,8.243591,6.779053,0.029785,1.251343,256Kb,resnet152
1.756421,8.278931,6.733215,0.025818,1.263367,256Kb,resnet152
1.763293,8.386475,6.834961,0.028259,1.264099,256Kb,resnet152
1.608074,7.793213,6.506348,0.021606,1.166138,256Kb,resnet152
1.641393,8.042114,6.618286,0.027893,1.190552,256Kb,resnet152
1.605697,7.749695,6.413574,0.016357,1.143616,256Kb,resnet152
1.705850,8.037354,6.599243,0.022461,1.210876,256Kb,resnet152
1.811671,8.150757,6.662476,0.020508,1.269958,256Kb,resnet152
1.682965,8.059265,6.601746,0.028320,1.208008,256Kb,resnet152
1.527116,7.775574,6.510376,0.017090,1.120483,256Kb,resnet152
1.807559,8.469543,7.020691,0.022217,1.276917,256Kb,resnet152
1.606389,9.393494,7.997253,0.008301,1.204102,256Kb,resnet152
1.828568,8.887634,7.358337,0.024109,1.302612,256Kb,resnet152
1.627683,7.835510,6.487122,0.015320,1.164978,256Kb,resnet152
1.513518,7.861450,6.568542,0.025635,1.114807,256Kb,resnet152
1.664626,8.043213,6.652527,0.029907,1.200317,256Kb,resnet152
2.242725,9.112732,7.374878,0.021423,1.532654,256Kb,resnet152
1.830355,8.174805,6.724060,0.020935,1.282104,256Kb,resnet152
1.563803,7.435608,6.250366,0.012756,1.109192,256Kb,resnet152
1.802531,8.150879,6.670227,0.028442,1.267456,256Kb,resnet152
1.855854,8.228210,6.743896,0.021729,1.297668,256Kb,resnet152
2.074833,8.718811,7.002441,0.020752,1.428467,256Kb,resnet152
1.993967,8.711060,7.082642,0.021912,1.380310,256Kb,resnet152
1.710069,8.279846,6.766724,0.026611,1.233276,256Kb,resnet152
1.558598,7.873352,6.517212,0.026123,1.134155,256Kb,resnet152
1.736783,8.144836,6.681641,0.029846,1.247070,256Kb,resnet152
1.515362,7.893250,6.632935,0.020630,1.107239,256Kb,resnet152
1.605590,8.065613,6.689636,0.038757,1.188538,256Kb,resnet152
1.831681,8.457520,6.898071,0.020386,1.299011,256Kb,resnet152
1.726133,8.115662,6.651184,0.028503,1.230408,256Kb,resnet152
1.630645,7.989990,6.674072,0.020630,1.181519,256Kb,resnet152
1.570423,7.994934,6.551880,0.048645,1.170715,256Kb,resnet152
1.670370,8.260864,6.809998,0.030090,1.230652,256Kb,resnet152
1.799260,8.305786,6.807312,0.019592,1.271362,256Kb,resnet152
1.526533,7.792297,6.513123,0.016846,1.107910,256Kb,resnet152
1.711443,8.219727,6.839050,0.020203,1.219177,256Kb,resnet152
1.904475,8.992737,7.389282,0.030884,1.348877,256Kb,resnet152
1.753069,7.683167,6.377930,0.011963,1.208923,256Kb,resnet152
1.499538,7.840271,6.520569,0.027710,1.103638,256Kb,resnet152
1.512440,7.719727,6.466980,0.027100,1.112061,256Kb,resnet152
1.535758,7.721558,6.361328,0.020691,1.115967,256Kb,resnet152
1.639161,7.776123,6.431946,0.015625,1.161926,256Kb,resnet152
1.767781,8.116150,6.632507,0.022461,1.243225,256Kb,resnet152
1.478065,7.539490,6.321777,0.015747,1.070435,256Kb,resnet152
1.713585,8.247681,6.730225,0.021118,1.229309,256Kb,resnet152
1.914185,8.548645,6.928223,0.038147,1.365295,256Kb,resnet152
1.956687,8.425232,6.836060,0.027649,1.361450,256Kb,resnet152
1.646425,7.883728,6.480103,0.028748,1.180176,256Kb,resnet152
1.692040,8.450317,7.046265,0.017151,1.196777,256Kb,resnet152
1.651755,8.117249,6.673645,0.020142,1.195374,256Kb,resnet152
1.706414,8.135376,6.704041,0.028320,1.219421,256Kb,resnet152
1.517387,7.521851,6.318054,0.017639,1.095703,256Kb,resnet152
1.538191,7.716858,6.438965,0.028809,1.127258,256Kb,resnet152
1.842585,8.278259,6.798889,0.028992,1.295288,256Kb,resnet152
1.515027,7.670837,6.411499,0.022888,1.110718,256Kb,resnet152
1.623634,7.918091,6.553833,0.030029,1.191101,256Kb,resnet152
1.649059,7.816284,6.527222,0.017151,1.161987,256Kb,resnet152
1.705935,7.617737,6.439209,0.017151,1.170227,256Kb,resnet152
1.715947,8.129700,6.708252,0.027771,1.230774,256Kb,resnet152
1.474087,7.596313,6.391357,0.015869,1.065979,256Kb,resnet152
1.492879,13.712280,12.144104,0.017090,1.298523,256Kb,resnet152
1.778793,8.310669,6.848694,0.023132,1.255188,256Kb,resnet152
1.764689,8.523804,6.966431,0.019165,1.253052,256Kb,resnet152
1.743179,8.496155,6.975830,0.030212,1.254028,256Kb,resnet152
1.815563,8.367798,6.852539,0.021912,1.283752,256Kb,resnet152
1.652738,8.002563,6.648743,0.028381,1.187012,256Kb,resnet152
1.731558,8.151306,6.688049,0.021301,1.234558,256Kb,resnet152
1.714769,8.065979,6.628357,0.030334,1.218933,256Kb,resnet152
1.698639,8.184143,6.715210,0.012878,1.203064,256Kb,resnet152
1.712299,8.038391,6.632080,0.027344,1.221680,256Kb,resnet152
1.588051,8.177307,6.789734,0.020691,1.157104,256Kb,resnet152
1.804314,8.149048,6.686890,0.029175,1.272583,256Kb,resnet152
1.839916,8.955688,7.380188,0.021790,1.312073,256Kb,resnet152
1.644424,7.840759,6.530701,0.015930,1.161560,256Kb,resnet152
1.678833,8.137512,6.686157,0.020630,1.217346,256Kb,resnet152
1.798033,8.222717,6.773560,0.020447,1.272766,256Kb,resnet152
1.801739,8.139587,6.670593,0.023132,1.263977,256Kb,resnet152
1.762178,8.131531,6.689575,0.030029,1.249023,256Kb,resnet152
1.761094,8.210754,6.681091,0.019409,1.252014,256Kb,resnet152
1.757893,8.028198,6.619934,0.028015,1.243042,256Kb,resnet152
1.920041,8.438599,6.827515,0.020508,1.343750,256Kb,resnet152
1.859686,8.244568,6.743835,0.017944,1.293640,256Kb,resnet152
1.733377,8.116821,6.697327,0.016968,1.218506,256Kb,resnet152
1.784128,8.148743,6.681335,0.021301,1.261475,256Kb,resnet152
2.895309,11.189514,8.809448,0.043762,1.988892,256Kb,resnet152
1.795581,8.417664,6.853210,0.029358,1.281616,256Kb,resnet152
1.751953,8.407104,6.930664,0.020813,1.279602,256Kb,resnet152
1.535257,7.938965,6.583618,0.027588,1.131531,256Kb,resnet152
1.513491,7.884888,6.618958,0.019958,1.103699,256Kb,resnet152
1.624962,8.145691,6.679382,0.026611,1.193970,256Kb,resnet152
2.158149,8.923279,7.204590,0.035583,1.495605,256Kb,resnet152
1.810970,8.694153,7.144348,0.022461,1.298096,256Kb,resnet152
1.413252,7.964355,6.612427,0.028564,1.077637,256Kb,resnet152
1.847769,8.259888,6.772461,0.029907,1.304504,256Kb,resnet152
1.752784,8.177734,6.687134,0.020569,1.237915,256Kb,resnet152
1.751965,8.201538,6.743835,0.028625,1.253174,256Kb,resnet152
5.570780,36.045837,30.214417,0.108398,4.053711,256Kb,resnet34
1.680304,6.091003,4.678101,0.029297,1.084534,256Kb,resnet34
1.443818,5.085999,3.952454,0.014160,0.933472,256Kb,resnet34
1.715456,5.685303,4.300232,0.019409,1.110352,256Kb,resnet34
1.755202,5.605103,4.227783,0.012085,1.134460,256Kb,resnet34
1.696694,5.433655,4.101501,0.019836,1.097717,256Kb,resnet34
1.360994,4.836060,3.665222,0.025208,0.924194,256Kb,resnet34
1.633717,5.343445,4.038208,0.023621,1.073181,256Kb,resnet34
1.630678,5.314697,4.027893,0.016968,1.047852,256Kb,resnet34
1.583561,5.147217,3.938354,0.020752,1.037231,256Kb,resnet34
1.340866,4.910583,3.798706,0.028442,0.905518,256Kb,resnet34
1.726759,6.816040,5.371826,0.029846,1.184387,256Kb,resnet34
1.502082,4.904907,3.747559,0.015381,0.975525,256Kb,resnet34
1.628974,5.230164,4.032715,0.018127,1.050049,256Kb,resnet34
1.492449,5.038757,3.829285,0.031067,0.983276,256Kb,resnet34
1.612568,5.113220,3.874451,0.028625,1.055420,256Kb,resnet34
1.411971,5.050110,3.948364,0.016052,0.947937,256Kb,resnet34
1.393128,4.653259,3.569519,0.014954,0.911682,256Kb,resnet34
1.414088,4.884033,3.824585,0.015442,0.933899,256Kb,resnet34
1.492477,4.909180,3.773132,0.016663,0.969604,256Kb,resnet34
1.515599,4.893005,3.803894,0.015320,0.977173,256Kb,resnet34
1.620924,5.190491,3.900696,0.020935,1.058777,256Kb,resnet34
1.275475,4.603333,3.591309,0.024841,0.849548,256Kb,resnet34
1.344523,4.852051,3.773682,0.024780,0.897827,256Kb,resnet34
1.534433,5.657043,4.445557,0.018433,1.005615,256Kb,resnet34
1.690041,5.431030,4.096863,0.027771,1.095703,256Kb,resnet34
1.384291,4.600647,3.565491,0.016052,0.906555,256Kb,resnet34
1.603110,5.259216,4.014526,0.016541,1.040466,256Kb,resnet34
1.549302,4.934265,3.783264,0.020264,1.014404,256Kb,resnet34
1.561182,5.130371,3.885925,0.029480,1.021301,256Kb,resnet34
1.596637,5.175232,3.963501,0.019958,1.037659,256Kb,resnet34
1.537240,5.121948,3.916382,0.016418,0.993469,256Kb,resnet34
1.602202,5.248291,3.953735,0.020081,1.053955,256Kb,resnet34
1.566582,5.147522,3.893005,0.029602,1.031921,256Kb,resnet34
1.282607,4.379944,3.515503,0.029602,0.814697,256Kb,resnet34
1.635526,5.237122,3.899841,0.029480,1.062927,256Kb,resnet34
1.627299,5.218445,3.988464,0.014832,1.050903,256Kb,resnet34
1.534881,5.754333,4.470337,0.016724,1.003052,256Kb,resnet34
2.417669,7.224060,5.329346,0.026306,1.565369,256Kb,resnet34
1.451697,5.046326,3.899963,0.016418,0.949707,256Kb,resnet34
1.629333,5.489685,4.196106,0.027588,1.085632,256Kb,resnet34
1.367209,4.884033,3.775940,0.028137,0.909790,256Kb,resnet34
1.650658,5.247925,3.932800,0.029236,1.086609,256Kb,resnet34
1.614827,5.278076,4.001770,0.015076,1.028442,256Kb,resnet34
1.483705,4.941528,3.803894,0.015381,0.962158,256Kb,resnet34
2.590258,13.903992,11.523560,0.026917,1.831726,256Kb,resnet34
1.669307,5.574158,4.263062,0.022644,1.089539,256Kb,resnet34
1.429847,5.056458,3.858948,0.014038,0.943909,256Kb,resnet34
1.530244,4.995789,3.834229,0.015808,0.987976,256Kb,resnet34
1.685495,6.148743,4.775818,0.020569,1.109009,256Kb,resnet34
1.356562,4.745483,3.635620,0.028259,0.901489,256Kb,resnet34
1.755012,5.390625,4.028320,0.028320,1.135925,256Kb,resnet34
1.542940,4.895447,3.779968,0.015808,0.991638,256Kb,resnet34
1.777860,5.614563,4.219421,0.026978,1.160095,256Kb,resnet34
1.575030,5.216248,3.982056,0.028198,1.025696,256Kb,resnet34
1.730349,5.323669,4.035278,0.026917,1.122498,256Kb,resnet34
1.542926,4.964050,3.814697,0.013977,1.002502,256Kb,resnet34
1.632210,5.216309,3.953796,0.029663,1.064148,256Kb,resnet34
1.710449,5.349609,4.055115,0.015991,1.095093,256Kb,resnet34
1.583632,5.190491,3.991394,0.021118,1.040344,256Kb,resnet34
1.705331,5.632080,4.266724,0.024963,1.134644,256Kb,resnet34
1.746918,5.417175,4.113953,0.020935,1.118713,256Kb,resnet34
1.600463,5.243530,3.961304,0.028015,1.042297,256Kb,resnet34
1.341341,4.595764,3.597473,0.016663,0.873901,256Kb,resnet34
1.720913,5.498657,4.175354,0.019348,1.118286,256Kb,resnet34
1.514294,4.957520,3.781067,0.027344,0.997314,256Kb,resnet34
1.559634,5.183289,3.907410,0.030151,1.032532,256Kb,resnet34
1.520150,4.966980,3.836243,0.017944,0.972961,256Kb,resnet34
1.638028,5.488892,4.175842,0.022278,1.060913,256Kb,resnet34
1.776481,5.528259,4.159363,0.028625,1.149353,256Kb,resnet34
1.696796,5.412109,4.086060,0.020386,1.095764,256Kb,resnet34
1.567274,5.255920,4.030823,0.027222,1.034973,256Kb,resnet34
2.517994,7.124573,5.192871,0.024170,1.588501,256Kb,resnet34
1.823553,5.742004,4.304382,0.028381,1.169189,256Kb,resnet34
1.958509,5.769287,4.339111,0.019836,1.253784,256Kb,resnet34
1.552562,5.333374,4.067871,0.023193,1.024719,256Kb,resnet34
1.773579,5.493408,4.152893,0.022095,1.127747,256Kb,resnet34
1.727229,5.408447,4.059692,0.020325,1.101990,256Kb,resnet34
1.565219,5.046936,3.822693,0.030579,1.023254,256Kb,resnet34
1.692379,5.483154,4.131714,0.027100,1.110413,256Kb,resnet34
1.604857,5.049316,3.874451,0.022217,1.036072,256Kb,resnet34
1.440876,4.780457,3.637268,0.029175,0.947754,256Kb,resnet34
1.707545,5.226135,3.964478,0.027405,1.098755,256Kb,resnet34
1.697186,5.494995,4.091736,0.021667,1.109009,256Kb,resnet34
1.527207,5.146606,3.961670,0.027466,1.007629,256Kb,resnet34
1.751959,5.425110,4.078857,0.016296,1.115479,256Kb,resnet34
1.540394,5.675232,4.413086,0.029358,1.013000,256Kb,resnet34
1.622769,5.040771,3.810608,0.027100,1.048706,256Kb,resnet34
1.616135,5.229614,4.020508,0.017029,1.046021,256Kb,resnet34
1.875413,5.850403,4.327576,0.021729,1.236389,256Kb,resnet34
1.576731,5.090759,3.896790,0.017761,1.015503,256Kb,resnet34
2.227941,6.379883,4.736145,0.029602,1.406433,256Kb,resnet34
1.389813,4.819031,3.709167,0.022461,0.915955,256Kb,resnet34
1.587852,5.054565,3.845642,0.021729,1.030151,256Kb,resnet34
1.353363,4.570129,3.509094,0.028198,0.904358,256Kb,resnet34
1.355433,4.696838,3.614807,0.027466,0.901489,256Kb,resnet34
2.208579,6.445557,4.694580,0.032959,1.411133,256Kb,resnet34
1.607153,4.961975,3.783203,0.015442,1.025574,256Kb,resnet34
1.442572,5.489807,4.321838,0.022583,0.972778,256Kb,resnet34
1.722506,5.301514,4.015259,0.022400,1.105164,256Kb,resnet34
6.004566,36.166870,30.464600,0.114136,4.340027,256Kb,resnet50
1.635084,5.713867,4.380981,0.028992,1.099915,256Kb,resnet50
1.945917,6.273804,4.765686,0.020020,1.295166,256Kb,resnet50
2.520175,7.271667,5.350037,0.025696,1.625061,256Kb,resnet50
1.572843,5.518433,4.280884,0.016785,1.069214,256Kb,resnet50
1.771796,5.821228,4.463684,0.021179,1.181335,256Kb,resnet50
1.806111,5.931335,4.544434,0.029297,1.208801,256Kb,resnet50
2.217334,6.890808,5.235840,0.025635,1.463623,256Kb,resnet50
1.627020,6.985107,5.614990,0.026733,1.170715,256Kb,resnet50
1.615618,5.675049,4.407654,0.028870,1.102844,256Kb,resnet50
1.656947,5.765381,4.402344,0.027344,1.116150,256Kb,resnet50
1.828577,6.057739,4.629639,0.021301,1.215637,256Kb,resnet50
1.437648,5.184509,4.064453,0.016357,0.968628,256Kb,resnet50
1.360961,5.037598,3.960266,0.016663,0.938354,256Kb,resnet50
1.672463,5.629150,4.364136,0.015015,1.104004,256Kb,resnet50
1.651395,5.658142,4.376648,0.020203,1.114075,256Kb,resnet50
1.254163,5.123047,4.084167,0.016052,0.915222,256Kb,resnet50
1.757248,5.816528,4.442383,0.028931,1.174744,256Kb,resnet50
1.809678,5.999451,4.568054,0.025879,1.224243,256Kb,resnet50
3.002495,8.363220,6.042114,0.029907,1.919006,256Kb,resnet50
1.545648,5.955627,4.674561,0.028748,1.054932,256Kb,resnet50
1.734124,5.814392,4.440491,0.029114,1.160522,256Kb,resnet50
1.830962,5.840881,4.455994,0.021118,1.212402,256Kb,resnet50
1.533694,5.519470,4.272522,0.024902,1.046021,256Kb,resnet50
2.196884,6.653381,4.992676,0.024902,1.440613,256Kb,resnet50
2.674941,7.577271,5.547241,0.036865,1.730713,256Kb,resnet50
1.588793,5.756775,4.411438,0.027954,1.083008,256Kb,resnet50
1.521067,4.896484,3.896362,0.027954,0.983582,256Kb,resnet50
1.486777,5.394775,4.218872,0.028137,1.026917,256Kb,resnet50
1.759323,5.821899,4.383118,0.028076,1.175659,256Kb,resnet50
1.732921,5.849548,4.497253,0.020935,1.165100,256Kb,resnet50
2.364005,7.023376,5.252747,0.032837,1.542847,256Kb,resnet50
1.784195,6.293457,4.909851,0.021179,1.179260,256Kb,resnet50
1.668130,5.619080,4.282104,0.016418,1.112305,256Kb,resnet50
1.601168,5.601257,4.347473,0.021606,1.080872,256Kb,resnet50
1.378385,5.025330,3.904968,0.028625,0.943481,256Kb,resnet50
1.643264,5.546997,4.295959,0.029236,1.108643,256Kb,resnet50
2.922089,7.952087,5.823975,0.028809,1.870117,256Kb,resnet50
2.185313,6.616394,4.906311,0.031982,1.444275,256Kb,resnet50
1.322342,4.837708,3.816101,0.025269,0.914917,256Kb,resnet50
1.702444,5.477539,4.238403,0.018494,1.131348,256Kb,resnet50
1.716325,5.717957,4.411133,0.021790,1.148010,256Kb,resnet50
1.681131,5.464294,4.249878,0.016785,1.115356,256Kb,resnet50
1.616879,6.805969,5.279785,0.020325,1.027710,256Kb,resnet50
1.790105,5.989075,4.560303,0.044739,1.206543,256Kb,resnet50
1.761784,5.787415,4.432251,0.018677,1.170410,256Kb,resnet50
1.354634,5.112183,4.048157,0.013916,0.919250,256Kb,resnet50
1.336128,4.967834,3.892151,0.024963,0.918091,256Kb,resnet50
1.373292,4.989014,3.936279,0.017090,0.930847,256Kb,resnet50
1.700179,5.827881,4.535034,0.021118,1.143494,256Kb,resnet50
1.637204,5.835022,4.469238,0.026733,1.114258,256Kb,resnet50
1.579138,5.402832,4.240173,0.017395,1.053040,256Kb,resnet50
1.652401,5.852966,4.501526,0.030640,1.145813,256Kb,resnet50
1.419469,5.033630,3.938599,0.017517,0.962585,256Kb,resnet50
1.734112,5.888916,4.568542,0.018677,1.158691,256Kb,resnet50
2.188112,6.503052,4.868713,0.032410,1.439270,256Kb,resnet50
1.620749,6.196167,4.836060,0.028625,1.111450,256Kb,resnet50
1.755777,5.705444,4.379150,0.022461,1.168884,256Kb,resnet50
1.600971,5.614807,4.259399,0.026794,1.092529,256Kb,resnet50
1.342601,4.907593,3.871460,0.015808,0.916687,256Kb,resnet50
1.370966,4.956665,3.879883,0.015930,0.935181,256Kb,resnet50
1.691891,5.567139,4.318665,0.016968,1.116638,256Kb,resnet50
1.765287,5.878784,4.424500,0.038940,1.200500,256Kb,resnet50
1.712207,5.814087,4.485535,0.019714,1.154297,256Kb,resnet50
1.446195,5.182129,4.042786,0.028198,0.990723,256Kb,resnet50
1.705946,5.821960,4.437927,0.028748,1.154480,256Kb,resnet50
2.184172,6.167603,4.745850,0.028748,1.364746,256Kb,resnet50
1.411286,5.092163,3.964722,0.024170,0.958740,256Kb,resnet50
1.421985,5.181519,4.043213,0.027832,0.972168,256Kb,resnet50
1.716594,5.799255,4.426025,0.027405,1.156921,256Kb,resnet50
1.821991,5.940063,4.482544,0.020752,1.211060,256Kb,resnet50
1.654742,5.593628,4.285645,0.029968,1.109192,256Kb,resnet50
1.507046,5.292114,4.150513,0.016052,1.018494,256Kb,resnet50
1.812979,6.024170,4.599365,0.020630,1.206848,256Kb,resnet50
1.427435,5.072327,3.995911,0.016602,0.975464,256Kb,resnet50
1.737108,5.702942,4.426758,0.019714,1.148865,256Kb,resnet50
1.810703,5.791504,4.446838,0.028870,1.212952,256Kb,resnet50
1.440078,5.100098,3.998779,0.017090,0.973267,256Kb,resnet50
1.674921,5.656189,4.383423,0.020813,1.120850,256Kb,resnet50
1.886005,6.059998,4.581787,0.025574,1.257690,256Kb,resnet50
1.687116,5.785950,4.503235,0.027832,1.166565,256Kb,resnet50
1.726344,6.315613,4.942810,0.021362,1.159058,256Kb,resnet50
1.655006,5.697327,4.439636,0.030212,1.128906,256Kb,resnet50
1.758629,5.809204,4.446106,0.020081,1.179504,256Kb,resnet50
1.753644,5.872803,4.504883,0.034241,1.189392,256Kb,resnet50
1.527487,5.446838,4.240417,0.020386,1.037292,256Kb,resnet50
1.558373,5.426025,4.229736,0.030762,1.067017,256Kb,resnet50
1.580207,5.651062,4.317017,0.028198,1.075806,256Kb,resnet50
1.556083,5.393738,4.226440,0.016968,1.045532,256Kb,resnet50
1.647631,5.771851,4.445862,0.024841,1.119019,256Kb,resnet50
1.665387,5.744690,4.461243,0.028687,1.142822,256Kb,resnet50
1.371457,5.079773,3.994812,0.015930,0.933044,256Kb,resnet50
1.651425,5.449219,4.223816,0.017334,1.101929,256Kb,resnet50
1.851242,6.592834,5.093140,0.028442,1.243469,256Kb,resnet50
1.567869,5.646912,4.399963,0.019470,1.069275,256Kb,resnet50
1.549934,5.547791,4.282898,0.028320,1.061218,256Kb,resnet50
1.779949,5.851807,4.442200,0.027527,1.186768,256Kb,resnet50
1.388590,5.099670,4.013367,0.016479,0.955261,256Kb,resnet50
1.618984,5.475281,4.216553,0.021240,1.088196,256Kb,resnet50
1.705270,5.775024,4.452148,0.030884,1.154785,256Kb,resnet50
5.353579,31.681885,26.334106,0.079956,3.734314,256Kb,resnet18
1.669861,4.956116,3.598938,0.028931,1.074341,256Kb,resnet18
1.588911,4.702026,3.479187,0.015991,1.003296,256Kb,resnet18
1.730592,5.017822,3.660034,0.020569,1.118835,256Kb,resnet18
1.674528,4.763428,3.507690,0.016602,1.056335,256Kb,resnet18
1.577290,4.723145,3.476257,0.020996,1.011780,256Kb,resnet18
1.912247,5.339783,3.845764,0.032837,1.213196,256Kb,resnet18
1.649090,4.888916,3.547546,0.029053,1.065796,256Kb,resnet18
1.571156,4.632751,3.409546,0.018311,0.992920,256Kb,resnet18
1.377877,4.150818,3.110413,0.017212,0.878784,256Kb,resnet18
1.571062,4.681458,3.443176,0.020752,1.018250,256Kb,resnet18
2.335366,6.530212,4.744812,0.033203,1.490784,256Kb,resnet18
1.555077,4.456848,3.278198,0.017395,0.981750,256Kb,resnet18
1.617382,4.636597,3.420654,0.022583,1.038147,256Kb,resnet18
3.911811,10.027588,7.028076,0.048706,2.422058,256Kb,resnet18
1.546787,4.490417,3.284607,0.017761,0.987427,256Kb,resnet18
1.407752,4.213074,3.152710,0.017639,0.894104,256Kb,resnet18
1.712980,4.780945,3.558289,0.014709,1.072571,256Kb,resnet18
1.527562,4.721191,3.538086,0.027771,1.023071,256Kb,resnet18
1.924945,5.408081,3.883545,0.031494,1.223389,256Kb,resnet18
1.361055,4.050171,3.038025,0.024414,0.867371,256Kb,resnet18
1.604489,4.739441,3.461487,0.029541,1.035034,256Kb,resnet18
1.342240,4.086060,3.033081,0.019714,0.870605,256Kb,resnet18
1.524149,4.571228,3.323120,0.027527,0.991150,256Kb,resnet18
1.751289,4.805359,3.492188,0.020691,1.098694,256Kb,resnet18
1.696476,4.784607,3.432373,0.027283,1.077515,256Kb,resnet18
1.332547,4.168762,3.153931,0.020264,0.870300,256Kb,resnet18
1.361465,4.209045,3.103516,0.015442,0.871887,256Kb,resnet18
1.588231,4.699707,3.422241,0.025208,1.030640,256Kb,resnet18
1.592010,4.510925,3.306030,0.016235,1.003235,256Kb,resnet18
1.627288,4.607422,3.391052,0.029480,1.039795,256Kb,resnet18
1.542632,4.409302,3.242432,0.018127,0.983948,256Kb,resnet18
1.488098,4.331848,3.221497,0.016907,0.944214,256Kb,resnet18
1.671238,4.738953,3.469055,0.020447,1.071533,256Kb,resnet18
1.773191,4.890015,3.538757,0.028381,1.128540,256Kb,resnet18
1.780409,5.015442,3.636230,0.022766,1.135437,256Kb,resnet18
1.515789,4.479797,3.334229,0.020203,0.966248,256Kb,resnet18
1.733439,4.741455,3.589966,0.012573,1.084778,256Kb,resnet18
1.739408,5.564270,4.154175,0.027893,1.113647,256Kb,resnet18
1.419884,4.078552,3.029907,0.017456,0.901550,256Kb,resnet18
1.355237,4.349121,3.283020,0.022400,0.893005,256Kb,resnet18
1.421896,4.400330,3.321106,0.016235,0.916199,256Kb,resnet18
1.509795,4.597412,3.447266,0.021179,0.968628,256Kb,resnet18
1.326481,4.251648,3.217529,0.015625,0.848572,256Kb,resnet18
1.627062,4.663147,3.496826,0.017090,1.033691,256Kb,resnet18
1.540466,4.849487,3.531311,0.038818,1.034180,256Kb,resnet18
1.434397,4.652710,3.501648,0.028809,0.965698,256Kb,resnet18
1.624086,5.035767,3.665710,0.040039,1.064331,256Kb,resnet18
1.799949,5.123108,3.778687,0.021240,1.139954,256Kb,resnet18
1.644864,4.930054,3.625244,0.027405,1.066833,256Kb,resnet18
1.310996,4.051758,3.048035,0.016785,0.848877,256Kb,resnet18
1.297120,4.737061,3.655334,0.015930,0.840515,256Kb,resnet18
1.723557,4.947937,3.656677,0.009338,1.089600,256Kb,resnet18
1.611364,4.904053,3.623840,0.020020,1.042969,256Kb,resnet18
1.620844,4.811401,3.503540,0.030701,1.033936,256Kb,resnet18
1.498906,4.495178,3.354980,0.015137,0.951721,256Kb,resnet18
1.389872,4.199829,3.155762,0.015076,0.881348,256Kb,resnet18
1.617115,4.803528,3.555298,0.021423,1.034363,256Kb,resnet18
1.285379,4.075989,3.049561,0.024597,0.826599,256Kb,resnet18
1.988909,5.559143,4.006226,0.019836,1.258362,256Kb,resnet18
1.584424,4.698730,3.498352,0.018982,1.004150,256Kb,resnet18
1.400136,4.399231,3.266968,0.028809,0.917236,256Kb,resnet18
1.567398,4.706055,3.482117,0.028320,1.012451,256Kb,resnet18
1.779605,5.036560,3.669495,0.017944,1.132202,256Kb,resnet18
1.663336,5.474976,4.138062,0.014038,1.061890,256Kb,resnet18
1.678460,5.058044,3.744995,0.016907,1.071960,256Kb,resnet18
1.714008,5.017517,3.656189,0.022034,1.095764,256Kb,resnet18
1.783648,5.090515,3.733826,0.018555,1.127686,256Kb,resnet18
1.606939,4.742859,3.456360,0.029907,1.030273,256Kb,resnet18
1.419061,4.226196,3.140015,0.016724,0.920288,256Kb,resnet18
1.588270,4.463318,3.255432,0.016846,1.004333,256Kb,resnet18
3.633283,8.451355,5.817871,0.038696,2.248413,256Kb,resnet18
1.786550,5.265137,3.840881,0.028625,1.166504,256Kb,resnet18
1.513979,4.633606,3.425354,0.029480,0.977783,256Kb,resnet18
1.783286,4.981873,3.622803,0.030579,1.147827,256Kb,resnet18
1.750546,5.072876,3.745789,0.021729,1.125916,256Kb,resnet18
1.654072,4.431519,3.349731,0.021729,1.003052,256Kb,resnet18
1.698380,5.133362,3.767334,0.028320,1.127441,256Kb,resnet18
1.537874,4.516052,3.349304,0.015564,0.981812,256Kb,resnet18
1.776551,4.892090,3.589783,0.019409,1.126343,256Kb,resnet18
1.665176,4.855042,3.544800,0.027832,1.067078,256Kb,resnet18
1.563928,4.632446,3.424500,0.018433,1.007935,256Kb,resnet18
1.665116,4.784119,3.517029,0.028198,1.064880,256Kb,resnet18
1.755540,5.045044,3.672668,0.021606,1.118164,256Kb,resnet18
1.545038,4.472656,3.306458,0.027771,0.990723,256Kb,resnet18
1.352496,4.171875,3.130798,0.027405,0.886047,256Kb,resnet18
1.588939,4.617615,3.416077,0.023376,1.035828,256Kb,resnet18
1.661254,4.790710,3.550537,0.016052,1.040527,256Kb,resnet18
1.315793,4.782349,3.740662,0.023987,0.860291,256Kb,resnet18
1.519236,4.510803,3.399231,0.018127,0.968750,256Kb,resnet18
1.536504,4.784180,3.498718,0.033997,1.007935,256Kb,resnet18
1.678581,4.886292,3.566406,0.029236,1.066162,256Kb,resnet18
2.433640,6.412170,4.574768,0.024841,1.519958,256Kb,resnet18
1.658439,4.673401,3.429199,0.017212,1.042358,256Kb,resnet18
2.239334,5.851135,4.185791,0.024109,1.401611,256Kb,resnet18
1.626110,4.795410,3.510315,0.028259,1.048218,256Kb,resnet18
1.747575,4.861389,3.529663,0.029053,1.107727,256Kb,resnet18
1.549857,4.601929,3.405396,0.016968,0.991150,256Kb,resnet18
1.759516,5.006165,3.634521,0.019653,1.114441,256Kb,resnet18
1.762425,5.001770,3.677734,0.016907,1.105713,256Kb,resnet18
12.051708,56.770325,45.471680,0.178345,8.304626,15Mb,resnet34
7.849406,27.101685,20.071472,0.128662,5.189148,15Mb,resnet34
10.191420,32.561951,23.690613,0.143005,6.751953,15Mb,resnet34
8.437678,29.110229,21.309753,0.205994,5.701965,15Mb,resnet34
6.993921,24.996826,18.702759,0.107422,4.657349,15Mb,resnet34
9.092621,30.102722,21.980225,0.136353,6.051514,15Mb,resnet34
11.651219,35.606689,25.600525,0.162231,7.597961,15Mb,resnet34
7.448054,26.145447,19.273315,0.122375,4.947815,15Mb,resnet34
7.949830,27.241089,20.087097,0.128967,5.280273,15Mb,resnet34
8.102405,27.594727,20.289062,0.105530,5.357361,15Mb,resnet34
7.707945,26.273987,19.436157,0.127319,5.057739,15Mb,resnet34
10.853455,33.797241,24.319092,0.156860,7.106384,15Mb,resnet34
8.285731,28.447205,20.912537,0.127686,5.531738,15Mb,resnet34
7.570906,26.340088,19.508667,0.111023,5.009766,15Mb,resnet34
7.617284,26.950562,19.880920,0.136841,5.081848,15Mb,resnet34
7.541236,26.597290,19.823120,0.120605,4.985718,15Mb,resnet34
7.332558,25.645020,19.118042,0.123230,4.898193,15Mb,resnet34
6.969431,24.465027,18.527405,0.080750,4.582031,15Mb,resnet34
7.584325,26.499756,19.631287,0.124329,5.055298,15Mb,resnet34
8.479535,28.274414,20.882935,0.136292,5.558533,15Mb,resnet34
7.391250,26.546631,19.694763,0.136230,4.958862,15Mb,resnet34
8.159753,27.944763,20.682129,0.136841,5.431091,15Mb,resnet34
8.584083,30.929810,22.826843,0.193970,5.768127,15Mb,resnet34
7.656571,26.973083,20.078003,0.132507,5.120239,15Mb,resnet34
7.749256,26.372620,19.717407,0.096619,5.057251,15Mb,resnet34
9.796604,37.103821,28.391724,0.150208,6.633423,15Mb,resnet34
10.838361,34.836182,25.162476,0.166687,7.151855,15Mb,resnet34
10.300687,33.482361,24.230957,0.161560,6.800537,15Mb,resnet34
9.470400,30.672485,22.283081,0.144409,6.233704,15Mb,resnet34
9.486954,31.298584,22.928711,0.142029,6.259460,15Mb,resnet34
10.537052,33.127319,24.620422,0.056580,6.691650,15Mb,resnet34
9.945356,32.316711,23.564880,0.145935,6.566162,15Mb,resnet34
8.042951,27.705750,20.397583,0.130127,5.361755,15Mb,resnet34
10.104267,32.335205,23.459106,0.148315,6.678528,15Mb,resnet34
11.741765,36.574463,26.348206,0.173462,7.699219,15Mb,resnet34
9.221397,30.435120,22.230347,0.138000,6.089111,15Mb,resnet34
11.451120,33.901123,24.895325,0.084045,7.280579,15Mb,resnet34
9.079022,29.769897,21.878357,0.137207,5.944214,15Mb,resnet34
12.693104,37.634155,26.890381,0.180359,8.283508,15Mb,resnet34
15.050069,41.882751,29.536072,0.187256,9.668884,15Mb,resnet34
16.826616,45.983215,32.484375,0.195435,10.774109,15Mb,resnet34
13.315049,38.196106,27.346497,0.173157,8.598511,15Mb,resnet34
9.060442,29.839355,21.920532,0.132874,5.947693,15Mb,resnet34
10.938837,33.410645,24.182861,0.148071,7.121521,15Mb,resnet34
9.983135,31.928955,23.244751,0.148499,6.578491,15Mb,resnet34
10.751322,32.808838,23.999084,0.122070,6.951355,15Mb,resnet34
11.219342,33.952087,24.535034,0.149353,7.281433,15Mb,resnet34
9.810413,31.889526,23.189819,0.136719,6.468506,15Mb,resnet34
9.330334,30.935486,22.740112,0.140442,6.153503,15Mb,resnet34
9.495162,30.560791,22.289673,0.114197,6.195679,15Mb,resnet34
8.629237,29.035706,21.393555,0.147034,5.722107,15Mb,resnet34
12.347689,35.743103,26.119019,0.091736,7.838623,15Mb,resnet34
7.776770,27.370178,20.296753,0.133057,5.206360,15Mb,resnet34
6.828081,25.183533,18.769226,0.125549,4.592163,15Mb,resnet34
7.171294,26.304321,19.563843,0.119690,4.817200,15Mb,resnet34
9.380846,30.420166,22.182800,0.140137,6.151917,15Mb,resnet34
9.081576,29.772949,21.729065,0.140137,6.052612,15Mb,resnet34
10.978663,33.807190,24.386597,0.131714,7.177612,15Mb,resnet34
8.934860,29.394836,21.582153,0.131592,5.934692,15Mb,resnet34
11.530799,35.409668,25.473511,0.166809,7.577881,15Mb,resnet34
12.631096,37.609802,26.924744,0.168396,8.182129,15Mb,resnet34
11.434081,35.330322,25.429688,0.158813,7.509705,15Mb,resnet34
8.616830,28.935791,21.343262,0.113342,5.652283,15Mb,resnet34
10.036988,31.849731,23.090027,0.148254,6.566101,15Mb,resnet34
11.563332,34.961365,25.269958,0.135864,7.458984,15Mb,resnet34
11.236912,34.263306,24.809021,0.149414,7.319092,15Mb,resnet34
9.669623,30.779602,22.472534,0.136719,6.339539,15Mb,resnet34
9.832389,30.854919,22.575073,0.139648,6.415771,15Mb,resnet34
9.989170,32.631165,23.894592,0.158569,6.674133,15Mb,resnet34
8.989298,30.038452,22.111206,0.138306,5.930664,15Mb,resnet34
9.984465,31.749390,23.081055,0.147827,6.582520,15Mb,resnet34
11.890833,36.494507,26.382263,0.153442,7.798889,15Mb,resnet34
11.209831,34.418640,24.923218,0.136536,7.316772,15Mb,resnet34
12.864614,37.931335,27.194397,0.178528,8.378540,15Mb,resnet34
11.536370,35.099915,25.205872,0.159241,7.516968,15Mb,resnet34
10.069141,31.891724,23.229797,0.142883,6.630859,15Mb,resnet34
9.664569,30.763855,22.385986,0.117981,6.316223,15Mb,resnet34
8.442461,28.125793,20.774780,0.118347,5.555542,15Mb,resnet34
8.861297,29.612061,21.794556,0.141541,5.906433,15Mb,resnet34
8.881156,28.515564,20.840515,0.111084,5.785706,15Mb,resnet34
9.175822,30.274048,22.181091,0.145325,6.058228,15Mb,resnet34
8.945573,29.206177,21.322815,0.135864,5.868774,15Mb,resnet34
8.646298,29.058167,21.470703,0.137634,5.736816,15Mb,resnet34
9.256914,29.500305,21.630554,0.109436,6.010376,15Mb,resnet34
9.618626,37.247864,28.586914,0.137756,6.476196,15Mb,resnet34
8.947175,29.631775,21.771423,0.131714,5.875793,15Mb,resnet34
7.961613,27.243042,20.089417,0.139954,5.300049,15Mb,resnet34
9.122890,29.955017,21.919434,0.142700,6.026611,15Mb,resnet34
11.163069,33.617798,24.309448,0.155334,7.327942,15Mb,resnet34
9.786586,30.252075,22.365051,0.097229,6.304932,15Mb,resnet34
8.126500,27.616943,20.417603,0.126770,5.408081,15Mb,resnet34
8.558858,28.486389,20.991516,0.133423,5.640015,15Mb,resnet34
10.047414,31.714661,23.033875,0.149353,6.585083,15Mb,resnet34
8.851792,29.231140,21.375488,0.143188,5.882080,15Mb,resnet34
7.337401,26.500000,19.770569,0.125122,4.914124,15Mb,resnet34
8.445427,28.040405,20.598572,0.127502,5.550537,15Mb,resnet34
8.456072,28.619568,21.207092,0.130310,5.604187,15Mb,resnet34
9.656698,32.135498,23.495728,0.151184,6.442444,15Mb,resnet34
9.036441,30.119019,21.989502,0.138245,5.982605,15Mb,resnet34
8.862642,28.985962,21.208984,0.132141,5.878357,15Mb,resnet34
14.038706,61.739746,48.938965,0.186829,9.482727,15Mb,resnet50
9.568406,30.526794,22.680176,0.071655,6.164551,15Mb,resnet50
7.116721,25.951599,19.318237,0.132324,4.834595,15Mb,resnet50
8.150832,27.902344,20.680847,0.132568,5.507385,15Mb,resnet50
7.854913,27.475281,20.346924,0.126587,5.318542,15Mb,resnet50
9.152332,30.250122,22.100891,0.117249,6.070618,15Mb,resnet50
8.388021,28.451721,20.956909,0.139771,5.575562,15Mb,resnet50
9.616873,31.342346,22.879089,0.143738,6.396729,15Mb,resnet50
8.662534,28.412903,21.348389,0.056519,5.613159,15Mb,resnet50
9.277914,30.915466,22.707092,0.135620,6.160828,15Mb,resnet50
7.717114,26.939514,19.832581,0.129395,5.161194,15Mb,resnet50
8.780365,29.626770,21.869202,0.138733,5.866211,15Mb,resnet50
9.282967,30.829224,22.845459,0.140747,6.201233,15Mb,resnet50
9.263913,30.553223,22.463074,0.140930,6.188232,15Mb,resnet50
8.787921,29.212158,21.642822,0.127625,5.800842,15Mb,resnet50
8.339190,28.111450,20.885071,0.116150,5.538086,15Mb,resnet50
8.540785,28.944336,21.419983,0.132996,5.655396,15Mb,resnet50
7.677841,27.300476,20.344543,0.125671,5.166138,15Mb,resnet50
8.487818,28.782593,21.479370,0.135986,5.629822,15Mb,resnet50
8.383252,28.697205,21.224182,0.132385,5.609741,15Mb,resnet50
8.268863,28.885193,21.367126,0.134766,5.546753,15Mb,resnet50
8.432277,28.589966,21.588623,0.071838,5.440308,15Mb,resnet50
8.476112,29.372498,21.848328,0.129883,5.635315,15Mb,resnet50
11.317082,34.881104,25.323914,0.153015,7.416077,15Mb,resnet50
8.852165,29.855591,22.030457,0.110779,5.828857,15Mb,resnet50
11.194551,34.436951,24.871399,0.153320,7.333801,15Mb,resnet50
11.112715,34.447083,24.886047,0.161194,7.252075,15Mb,resnet50
8.422818,29.001587,21.319580,0.140930,5.612793,15Mb,resnet50
8.667175,29.245544,21.664612,0.131165,5.773743,15Mb,resnet50
10.817318,33.648926,24.408081,0.155090,7.134949,15Mb,resnet50
7.845215,27.275635,20.197388,0.129395,5.279846,15Mb,resnet50
8.261192,28.307800,20.897461,0.135254,5.473816,15Mb,resnet50
8.469726,28.359619,20.991882,0.116211,5.592834,15Mb,resnet50
8.500332,28.777039,21.243530,0.137512,5.683411,15Mb,resnet50
7.259405,26.345276,19.749817,0.123779,4.875793,15Mb,resnet50
8.637635,29.376282,21.616760,0.131226,5.702820,15Mb,resnet50
8.933383,29.997742,22.047058,0.136963,5.874695,15Mb,resnet50
9.469496,31.424316,23.158203,0.138367,6.220642,15Mb,resnet50
10.191330,32.623474,23.987244,0.143982,6.676331,15Mb,resnet50
8.816865,29.500000,21.824768,0.132751,5.822021,15Mb,resnet50
7.484265,26.735962,20.027222,0.134155,5.009583,15Mb,resnet50
9.840006,31.233276,22.963867,0.140320,6.447937,15Mb,resnet50
9.978333,32.175598,23.742432,0.155701,6.616333,15Mb,resnet50
9.134429,30.527588,22.552490,0.139587,6.005737,15Mb,resnet50
9.699881,31.181702,23.091309,0.113098,6.284302,15Mb,resnet50
9.577603,31.849487,23.417053,0.147278,6.378784,15Mb,resnet50
10.218644,33.135620,24.281128,0.155701,6.738220,15Mb,resnet50
9.461987,31.746460,23.458008,0.134766,6.288208,15Mb,resnet50
10.671273,33.938904,24.766846,0.149292,6.980652,15Mb,resnet50
11.345219,35.836121,26.134399,0.153503,7.414429,15Mb,resnet50
8.791226,36.619324,28.448547,0.138184,6.051514,15Mb,resnet50
9.180351,31.856140,23.486328,0.182739,6.155518,15Mb,resnet50
8.271448,29.010437,21.469971,0.140564,5.566223,15Mb,resnet50
8.905173,30.771729,22.686768,0.143677,5.933838,15Mb,resnet50
9.897399,32.833069,24.103210,0.140869,6.577332,15Mb,resnet50
8.075701,28.249634,21.142273,0.117554,5.376038,15Mb,resnet50
8.392721,29.280945,21.766052,0.138123,5.588989,15Mb,resnet50
9.320780,31.436646,23.038513,0.146423,6.159180,15Mb,resnet50
10.068334,33.205872,24.248352,0.155884,6.614929,15Mb,resnet50
10.700193,33.930359,24.666077,0.160095,7.071350,15Mb,resnet50
11.644211,36.237305,26.156921,0.158447,7.596558,15Mb,resnet50
10.868712,33.103088,24.666260,0.053406,6.945984,15Mb,resnet50
9.899857,32.130615,23.448303,0.143311,6.479065,15Mb,resnet50
8.428997,29.151123,21.590759,0.133179,5.632019,15Mb,resnet50
8.865975,29.819763,21.974243,0.135620,5.849365,15Mb,resnet50
12.019784,37.272888,27.139404,0.167358,7.806335,15Mb,resnet50
10.234496,32.765747,24.061890,0.147583,6.703674,15Mb,resnet50
9.161543,29.420166,22.182312,0.069458,5.867310,15Mb,resnet50
8.639197,29.876343,22.303101,0.142944,5.752808,15Mb,resnet50
10.532572,33.699646,24.664734,0.148987,6.915894,15Mb,resnet50
13.514401,39.998657,28.934814,0.175659,8.796753,15Mb,resnet50
11.214612,34.520081,25.128174,0.158325,7.308777,15Mb,resnet50
9.279175,30.744690,22.563232,0.096252,6.070862,15Mb,resnet50
8.588653,29.777527,22.048523,0.132019,5.711426,15Mb,resnet50
8.812156,30.080139,22.169250,0.133728,5.880920,15Mb,resnet50
8.924755,30.115417,22.222900,0.143921,5.923340,15Mb,resnet50
9.243535,30.458191,22.384888,0.141235,6.121338,15Mb,resnet50
9.088174,30.979980,22.718811,0.160645,6.096680,15Mb,resnet50
10.356983,31.867615,23.363220,0.113342,6.680725,15Mb,resnet50
8.773219,29.527832,21.772888,0.141296,5.806274,15Mb,resnet50
8.320834,28.281189,20.768677,0.128784,5.531677,15Mb,resnet50
9.471065,31.419800,23.070862,0.137512,6.271179,15Mb,resnet50
8.709459,29.665161,21.889893,0.129028,5.815857,15Mb,resnet50
10.163315,32.734680,23.877930,0.150513,6.693604,15Mb,resnet50
9.275488,30.552124,22.687500,0.107727,6.065857,15Mb,resnet50
9.825567,31.648987,23.183838,0.150452,6.462830,15Mb,resnet50
12.513493,37.108276,26.659119,0.165527,8.136536,15Mb,resnet50
8.420690,29.080505,21.635437,0.140137,5.638367,15Mb,resnet50
8.337482,28.784607,21.226685,0.134216,5.604492,15Mb,resnet50
11.385883,35.344360,25.716736,0.159302,7.549927,15Mb,resnet50
8.611944,29.036499,21.389160,0.130859,5.714783,15Mb,resnet50
8.908864,29.939575,22.046265,0.135864,5.963867,15Mb,resnet50
10.065046,32.627258,23.842285,0.141968,6.671692,15Mb,resnet50
9.532577,31.957214,23.624512,0.150940,6.343018,15Mb,resnet50
9.036273,31.070801,22.911499,0.143311,5.999939,15Mb,resnet50
9.519646,30.616455,22.683350,0.106201,6.135925,15Mb,resnet50
8.471907,29.502502,21.802856,0.140625,5.681335,15Mb,resnet50
10.275913,33.447205,24.387756,0.147888,6.766663,15Mb,resnet50
9.618756,31.436035,23.085571,0.143250,6.303650,15Mb,resnet50
8.022280,28.533630,21.173645,0.136292,5.409302,15Mb,resnet50
11.453801,51.429382,40.522522,0.143860,7.696838,15Mb,resnet18
7.051119,25.087891,18.445923,0.107239,4.613159,15Mb,resnet18
6.260008,26.759644,19.669556,0.523193,4.636597,15Mb,resnet18
7.688841,26.075378,19.060303,0.106445,5.002258,15Mb,resnet18
6.626403,24.061218,17.788574,0.098816,4.369995,15Mb,resnet18
7.151827,24.786987,18.179810,0.101990,4.665588,15Mb,resnet18
8.394080,28.217163,20.688232,0.116882,5.500854,15Mb,resnet18
7.504401,25.703064,18.924438,0.104309,4.905396,15Mb,resnet18
7.187249,25.171936,18.671875,0.101929,4.651123,15Mb,resnet18
7.005571,24.097290,17.992249,0.065186,4.477478,15Mb,resnet18
7.214350,25.389038,18.647949,0.113586,4.713318,15Mb,resnet18
7.216149,25.110107,18.624268,0.103271,4.664185,15Mb,resnet18
7.800390,26.800232,19.778503,0.104980,5.114197,15Mb,resnet18
9.117780,29.839111,21.724915,0.117798,5.965942,15Mb,resnet18
9.068715,29.471497,21.424988,0.117981,5.853577,15Mb,resnet18
8.245674,27.802429,20.324768,0.111694,5.404602,15Mb,resnet18
9.191421,29.114990,21.547729,0.059082,5.871582,15Mb,resnet18
7.966588,26.969727,19.655823,0.109863,5.235657,15Mb,resnet18
8.330576,28.132996,20.446899,0.115173,5.435425,15Mb,resnet18
8.126253,27.475220,20.095093,0.106384,5.338745,15Mb,resnet18
8.092308,27.386414,19.854553,0.107239,5.322754,15Mb,resnet18
7.612067,26.238831,19.326416,0.100342,5.003662,15Mb,resnet18
7.917759,26.941223,19.684326,0.111145,5.185303,15Mb,resnet18
7.673668,25.513123,18.887695,0.062622,4.913330,15Mb,resnet18
9.543524,30.394470,21.955627,0.125488,6.219360,15Mb,resnet18
6.983071,24.565063,18.030273,0.102722,4.544067,15Mb,resnet18
8.270037,27.914062,20.407654,0.107239,5.428406,15Mb,resnet18
7.717936,26.635498,19.537781,0.116455,5.079163,15Mb,resnet18
7.193790,26.225281,19.221008,0.228333,4.862976,15Mb,resnet18
7.261550,27.655212,20.054932,0.227478,5.036865,15Mb,resnet18
7.305026,25.531616,18.973877,0.071289,4.678894,15Mb,resnet18
9.405368,29.698120,21.402710,0.114868,6.094421,15Mb,resnet18
8.796430,28.650391,20.829773,0.118408,5.677917,15Mb,resnet18
7.732703,26.841675,19.697083,0.105164,5.065247,15Mb,resnet18
7.380856,25.309509,18.489075,0.097900,4.807556,15Mb,resnet18
7.376940,25.913757,19.164246,0.108337,4.887817,15Mb,resnet18
7.959105,27.208313,19.974670,0.111145,5.202454,15Mb,resnet18
7.224295,24.516968,18.318848,0.059998,4.614868,15Mb,resnet18
8.284820,27.101440,19.823425,0.106812,5.371948,15Mb,resnet18
7.519811,25.836853,18.964233,0.105469,4.894714,15Mb,resnet18
7.087637,25.647766,18.886597,0.108826,4.700378,15Mb,resnet18
7.474470,26.120056,19.181030,0.103210,4.815796,15Mb,resnet18
8.336620,28.178406,20.609314,0.117432,5.433289,15Mb,resnet18
7.298614,25.968262,19.162170,0.099243,4.777771,15Mb,resnet18
6.735627,24.411682,18.167419,0.081421,4.349976,15Mb,resnet18
8.038066,27.489929,20.179810,0.103394,5.196350,15Mb,resnet18
6.349997,24.102295,17.904114,0.090332,4.219238,15Mb,resnet18
7.947626,27.149658,19.843079,0.109436,5.191711,15Mb,resnet18
9.127419,30.806946,22.339844,0.156860,6.052185,15Mb,resnet18
7.152428,25.060425,18.378296,0.107849,4.645386,15Mb,resnet18
6.620478,24.414917,18.005981,0.119568,4.413452,15Mb,resnet18
9.726849,31.107910,22.701050,0.107605,6.317871,15Mb,resnet18
9.946951,37.524780,28.513367,0.139893,6.671143,15Mb,resnet18
8.883152,30.573730,22.258484,0.219727,5.945557,15Mb,resnet18
7.351379,26.127197,19.276855,0.131104,4.805420,15Mb,resnet18
6.133781,23.136414,17.079895,0.125610,4.115356,15Mb,resnet18
6.012631,22.985657,17.139038,0.108459,4.038452,15Mb,resnet18
8.773973,29.216003,21.320007,0.137085,5.807556,15Mb,resnet18
6.896779,24.604187,18.368164,0.101929,4.501404,15Mb,resnet18
7.554893,26.484619,19.394287,0.127747,4.976013,15Mb,resnet18
8.033755,27.386841,20.020630,0.128906,5.309692,15Mb,resnet18
7.365489,26.158447,19.347656,0.124451,4.892212,15Mb,resnet18
6.217842,23.576233,17.570984,0.118469,4.089355,15Mb,resnet18
6.644240,24.261230,17.853210,0.139465,4.440735,15Mb,resnet18
10.585939,32.814453,23.632812,0.160461,6.935059,15Mb,resnet18
8.325215,27.183960,20.095947,0.102722,5.343323,15Mb,resnet18
8.171021,27.355774,19.999390,0.128540,5.368530,15Mb,resnet18
7.586678,26.261597,19.301636,0.126221,5.009766,15Mb,resnet18
9.419250,29.951965,21.826782,0.137451,6.110596,15Mb,resnet18
9.309206,30.306335,22.044983,0.138672,6.104004,15Mb,resnet18
10.160361,31.854675,22.910339,0.152283,6.569275,15Mb,resnet18
7.808922,27.732483,20.429504,0.183228,5.230164,15Mb,resnet18
7.550118,27.113953,20.056030,0.140442,5.070435,15Mb,resnet18
6.697314,24.591858,18.186890,0.124634,4.447144,15Mb,resnet18
7.578059,26.719116,19.618225,0.129517,4.988525,15Mb,resnet18
7.144977,25.453430,18.714539,0.123230,4.657349,15Mb,resnet18
9.383366,31.567810,22.792847,0.224182,6.219543,15Mb,resnet18
7.145952,26.161194,19.271362,0.137573,4.812134,15Mb,resnet18
6.922099,25.294006,18.771729,0.122314,4.567017,15Mb,resnet18
6.386850,23.728638,17.707031,0.114624,4.242432,15Mb,resnet18
6.709027,24.548462,18.169739,0.116882,4.454285,15Mb,resnet18
6.877974,24.635864,18.096008,0.119812,4.522400,15Mb,resnet18
8.496680,28.977905,21.085388,0.140808,5.616150,15Mb,resnet18
11.806459,35.371155,25.153564,0.178833,7.577454,15Mb,resnet18
6.872632,24.947571,18.447266,0.117554,4.520447,15Mb,resnet18
7.382675,26.140015,19.467468,0.094360,4.810486,15Mb,resnet18
7.799891,29.214661,21.270996,0.341919,5.471008,15Mb,resnet18
8.774346,29.496887,21.518494,0.143188,5.807678,15Mb,resnet18
8.732794,28.948669,21.028931,0.141235,5.717834,15Mb,resnet18
15.910130,44.380676,31.065308,0.203369,10.265442,15Mb,resnet18
7.831910,26.912537,19.718628,0.127991,5.194031,15Mb,resnet18
7.798111,24.834534,18.517456,0.080994,4.984497,15Mb,resnet18
8.005425,27.380188,20.075195,0.137085,5.302368,15Mb,resnet18
9.507873,30.645447,22.338440,0.144043,6.271057,15Mb,resnet18
8.565893,28.041992,20.428223,0.140503,5.674133,15Mb,resnet18
7.488953,26.060181,19.063171,0.213684,5.055786,15Mb,resnet18
8.483914,27.392273,20.079163,0.136108,5.585938,15Mb,resnet18
7.808458,26.345520,19.367676,0.128784,5.194641,15Mb,resnet18
6.733585,23.063721,17.428955,0.033081,4.312500,15Mb,resnet18
7.422694,25.442383,18.818909,0.130676,4.933472,15Mb,resnet18
13.674347,69.726257,56.637451,0.165894,9.417603,15Mb,resnet152
8.745964,30.686462,23.428040,0.056702,5.637634,15Mb,resnet152
9.222358,32.865173,24.586426,0.142761,6.122681,15Mb,resnet152
8.250860,31.124634,23.589172,0.134827,5.567810,15Mb,resnet152
8.652389,31.718384,23.841248,0.132446,5.791138,15Mb,resnet152
7.582444,29.563904,22.509888,0.128784,5.138367,15Mb,resnet152
8.140689,30.281860,23.088440,0.125793,5.476807,15Mb,resnet152
9.577670,33.674683,25.224243,0.142456,6.431580,15Mb,resnet152
8.377948,31.864990,24.187317,0.137939,5.685181,15Mb,resnet152
8.418307,32.653503,24.443237,0.291321,5.881165,15Mb,resnet152
9.648923,33.186951,24.826721,0.144409,6.439148,15Mb,resnet152
8.731810,32.216736,24.284973,0.142090,5.880981,15Mb,resnet152
8.522321,31.048157,23.567017,0.132202,5.775146,15Mb,resnet152
9.125630,38.767456,30.581055,0.129700,6.312805,15Mb,resnet152
8.674902,31.976013,24.255554,0.131958,5.863281,15Mb,resnet152
8.029805,30.145569,23.045288,0.133789,5.406677,15Mb,resnet152
8.615516,31.964172,24.196777,0.147156,5.832703,15Mb,resnet152
10.760376,36.282593,27.152344,0.147644,7.122437,15Mb,resnet152
9.017476,32.611267,24.592590,0.135742,6.085571,15Mb,resnet152
10.926248,36.134705,27.255554,0.109436,7.143250,15Mb,resnet152
8.629374,31.964844,24.223877,0.131653,5.764954,15Mb,resnet152
8.446476,31.684326,23.902039,0.136597,5.714233,15Mb,resnet152
9.843570,34.708374,25.981995,0.146118,6.570251,15Mb,resnet152
9.123704,33.262024,25.019714,0.137573,6.118896,15Mb,resnet152
9.036333,32.464722,24.400757,0.140503,6.041443,15Mb,resnet152
9.213666,32.763428,24.759705,0.108643,6.065735,15Mb,resnet152
8.754269,32.019714,24.284973,0.133118,5.897156,15Mb,resnet152
10.978421,36.804443,27.275574,0.148865,7.287415,15Mb,resnet152
9.764610,34.692871,26.071411,0.150696,6.583740,15Mb,resnet152
9.186635,33.110779,24.843506,0.138367,6.174561,15Mb,resnet152
9.123005,32.679749,24.443665,0.143555,6.108215,15Mb,resnet152
9.035453,31.905823,24.358887,0.102356,5.923828,15Mb,resnet152
9.028949,32.900085,24.884277,0.148926,6.103027,15Mb,resnet152
10.512667,35.894958,26.638733,0.146790,6.959656,15Mb,resnet152
10.702234,36.037659,26.791504,0.151428,7.085815,15Mb,resnet152
8.768535,31.998535,24.144958,0.136353,5.871460,15Mb,resnet152
11.843557,38.818115,28.671936,0.171448,7.845398,15Mb,resnet152
9.176666,34.455811,25.766418,0.262024,6.263245,15Mb,resnet152
10.542989,35.683289,26.773071,0.151550,7.033875,15Mb,resnet152
9.435269,33.818176,25.495972,0.145691,6.312378,15Mb,resnet152
10.712297,36.325073,27.106628,0.151428,7.122253,15Mb,resnet152
9.087505,33.096802,25.002991,0.144287,6.104919,15Mb,resnet152
9.074824,31.499634,24.182251,0.057861,5.882690,15Mb,resnet152
8.157550,31.260071,23.707947,0.141968,5.523193,15Mb,resnet152
10.291671,36.287720,27.107422,0.145142,6.852234,15Mb,resnet152
8.198424,31.386902,23.922302,0.129089,5.571167,15Mb,resnet152
8.373796,31.499512,23.850342,0.135132,5.658264,15Mb,resnet152
8.706865,32.056091,24.314514,0.142334,5.909790,15Mb,resnet152
10.701118,35.795776,26.746704,0.131470,7.018921,15Mb,resnet152
9.234136,32.767517,24.476807,0.146851,6.201660,15Mb,resnet152
8.384918,31.262085,23.746765,0.133240,5.672058,15Mb,resnet152
9.969150,34.407471,25.768860,0.145691,6.590332,15Mb,resnet152
9.780418,34.321594,25.750305,0.152954,6.499329,15Mb,resnet152
8.972267,32.527039,24.594849,0.140930,6.008667,15Mb,resnet152
8.389015,30.717346,23.454163,0.116089,5.567078,15Mb,resnet152
8.916196,32.286194,24.385071,0.139343,5.955566,15Mb,resnet152
10.539513,36.648499,27.244995,0.154053,6.998230,15Mb,resnet152
8.999689,32.016174,24.120300,0.139465,6.055908,15Mb,resnet152
12.882714,42.141174,31.380859,0.161011,8.490784,15Mb,resnet152
8.937976,32.187256,24.186951,0.134583,6.017761,15Mb,resnet152
10.958748,35.527710,27.108215,0.091675,7.081604,15Mb,resnet152
9.417346,32.541992,24.429810,0.148376,6.241333,15Mb,resnet152
9.629983,34.715271,26.072632,0.142944,6.436401,15Mb,resnet152
8.957664,32.306641,24.378540,0.146423,6.032471,15Mb,resnet152
9.344526,33.268677,25.091797,0.139465,6.261230,15Mb,resnet152
9.015056,31.619751,23.790161,0.125916,5.991699,15Mb,resnet152
9.652579,33.455383,25.325012,0.113464,6.361938,15Mb,resnet152
9.765569,34.579590,25.854980,0.150391,6.555481,15Mb,resnet152
9.126677,33.275574,24.991272,0.150635,6.163574,15Mb,resnet152
9.612472,34.123474,25.442383,0.146545,6.454102,15Mb,resnet152
11.591390,37.978149,28.071228,0.161011,7.662292,15Mb,resnet152
11.514009,38.901367,28.894409,0.205139,7.765747,15Mb,resnet152
11.526059,37.769836,27.858337,0.187073,7.635254,15Mb,resnet152
12.349494,39.237976,28.862488,0.159058,8.111572,15Mb,resnet152
7.486496,28.958801,22.157410,0.128540,5.126038,15Mb,resnet152
9.938908,34.091003,25.591003,0.144592,6.623474,15Mb,resnet152
8.671690,38.908875,30.641846,0.142517,6.073975,15Mb,resnet152
10.444576,34.700867,26.228638,0.069397,6.774780,15Mb,resnet152
9.626988,33.910400,25.333862,0.151245,6.460266,15Mb,resnet152
8.847218,32.119324,24.143372,0.140137,5.938293,15Mb,resnet152
11.310538,36.841187,27.129517,0.155579,7.474976,15Mb,resnet152
9.547438,33.218872,24.821350,0.141174,6.407410,15Mb,resnet152
10.112692,34.886719,26.061096,0.144348,6.783020,15Mb,resnet152
9.167853,31.942993,24.464417,0.070068,5.985107,15Mb,resnet152
10.951226,36.494141,27.102234,0.157593,7.273315,15Mb,resnet152
11.183807,37.303650,27.762390,0.150391,7.455627,15Mb,resnet152
9.594547,33.347778,25.060181,0.143921,6.463257,15Mb,resnet152
8.993791,32.046570,24.154602,0.134827,6.002991,15Mb,resnet152
10.561656,36.064270,27.012634,0.153503,7.082397,15Mb,resnet152
8.666096,31.842468,24.108765,0.141052,5.880005,15Mb,resnet152
8.815171,32.888000,24.821411,0.160156,6.006226,15Mb,resnet152
9.157234,32.898438,24.725830,0.140564,6.076904,15Mb,resnet152
10.701693,36.352722,26.991516,0.156250,7.103210,15Mb,resnet152
8.247566,30.489807,23.032043,0.132019,5.528259,15Mb,resnet152
6.930100,29.178589,22.363525,0.307434,4.904541,15Mb,resnet152
14.357170,44.095825,32.137329,0.197388,9.389771,15Mb,resnet152
8.554432,32.958801,24.619690,0.320679,5.978882,15Mb,resnet152
11.403907,38.246521,28.399414,0.164856,7.621338,15Mb,resnet152
10.382435,35.416565,26.272705,0.153809,6.914673,15Mb,resnet152
9.956948,33.881653,25.385010,0.113953,6.563232,15Mb,resnet152
6.949408,37.885742,31.328613,0.137146,4.900391,1Mb,resnet34
2.633089,8.588989,6.338745,0.089050,1.784119,1Mb,resnet34
2.521080,8.302979,6.149353,0.085022,1.727051,1Mb,resnet34
2.730314,8.625244,6.319031,0.085327,1.835083,1Mb,resnet34
2.491532,8.127930,6.038513,0.085754,1.714111,1Mb,resnet34
2.714135,8.624451,6.328247,0.086975,1.829163,1Mb,resnet34
1.912846,6.545654,4.894287,0.080444,1.331665,1Mb,resnet34
2.406937,7.915466,5.841431,0.094055,1.657349,1Mb,resnet34
2.288568,7.794800,5.738464,0.087585,1.594543,1Mb,resnet34
2.620640,8.547363,6.380188,0.090637,1.815918,1Mb,resnet34
2.586959,9.380676,7.032898,0.086853,1.819397,1Mb,resnet34
1.946104,7.033569,5.313171,0.081970,1.396912,1Mb,resnet34
2.626117,8.291992,6.039185,0.093872,1.791748,1Mb,resnet34
1.723127,6.368469,4.814392,0.083130,1.231140,1Mb,resnet34
1.819287,6.916809,5.289490,0.081604,1.312561,1Mb,resnet34
3.167268,9.633301,6.998901,0.095337,2.125793,1Mb,resnet34
2.049855,7.584229,5.758484,0.085022,1.488342,1Mb,resnet34
2.544594,8.255432,6.093201,0.090576,1.757446,1Mb,resnet34
3.321269,9.851013,7.185547,0.082031,2.198608,1Mb,resnet34
3.864272,10.707642,7.690491,0.096191,2.535828,1Mb,resnet34
1.922796,7.185486,5.371765,0.082214,1.380798,1Mb,resnet34
2.086220,7.045105,5.269226,0.082581,1.463745,1Mb,resnet34
3.041321,9.230286,6.685608,0.090454,2.036560,1Mb,resnet34
2.921575,9.668762,7.261536,0.090332,2.012878,1Mb,resnet34
2.582668,8.435852,6.182861,0.089172,1.770447,1Mb,resnet34
3.447546,9.987854,7.208069,0.093262,2.303833,1Mb,resnet34
3.019248,9.145447,6.640137,0.091125,2.047974,1Mb,resnet34
1.808098,6.506287,4.900269,0.080750,1.297180,1Mb,resnet34
2.493656,7.995728,5.826050,0.084778,1.711609,1Mb,resnet34
2.220943,7.531372,5.640930,0.089661,1.553711,1Mb,resnet34
2.867493,8.896790,6.518494,0.092651,1.938232,1Mb,resnet34
3.024157,9.177673,6.738892,0.098755,2.046448,1Mb,resnet34
2.732491,8.736511,6.438599,0.086121,1.881714,1Mb,resnet34
1.554658,5.841736,4.449219,0.079895,1.139343,1Mb,resnet34
2.258274,7.751648,5.810730,0.082642,1.578369,1Mb,resnet34
2.331070,7.298218,5.487366,0.058289,1.552185,1Mb,resnet34
2.651914,8.546082,6.349792,0.069824,1.762634,1Mb,resnet34
2.881213,8.669434,6.374512,0.092957,1.959167,1Mb,resnet34
2.644735,8.357300,6.252747,0.055420,1.804382,1Mb,resnet34
1.815763,5.894653,4.418213,0.059875,1.247070,1Mb,resnet34
2.575410,8.271179,6.149597,0.085083,1.763550,1Mb,resnet34
2.663036,8.237976,6.104980,0.084656,1.808594,1Mb,resnet34
2.555256,10.459656,8.245056,0.089355,1.796692,1Mb,resnet34
2.336129,7.566284,5.674744,0.081360,1.617981,1Mb,resnet34
1.940705,6.985718,5.256165,0.080933,1.383179,1Mb,resnet34
1.895526,6.917725,5.187317,0.087952,1.371948,1Mb,resnet34
2.655389,8.361755,6.220032,0.090637,1.819702,1Mb,resnet34
1.710973,6.514587,4.978760,0.080139,1.235840,1Mb,resnet34
1.772456,6.662537,5.030884,0.081482,1.270996,1Mb,resnet34
1.692695,6.433777,4.931030,0.081604,1.233398,1Mb,resnet34
2.266211,8.069275,6.082336,0.063293,1.535400,1Mb,resnet34
1.924807,6.983948,5.259949,0.083313,1.384766,1Mb,resnet34
2.380018,7.807678,5.784729,0.088074,1.657959,1Mb,resnet34
6.267424,15.508728,10.729675,0.113708,4.009766,1Mb,resnet34
1.778994,6.227722,4.745361,0.046326,1.223999,1Mb,resnet34
2.290425,7.559753,5.606873,0.093750,1.596619,1Mb,resnet34
2.326989,7.764954,5.769348,0.061462,1.579041,1Mb,resnet34
2.549590,8.236694,6.060974,0.085876,1.753113,1Mb,resnet34
2.514573,8.124939,6.006714,0.087280,1.731812,1Mb,resnet34
2.467085,8.590149,6.368225,0.092102,1.724670,1Mb,resnet34
2.622855,8.749268,6.453125,0.099426,1.847534,1Mb,resnet34
2.898029,9.044922,6.541321,0.094543,1.965088,1Mb,resnet34
2.507844,8.747620,6.636475,0.087708,1.736206,1Mb,resnet34
2.397547,7.260986,5.277344,0.063049,1.587891,1Mb,resnet34
1.781067,6.672607,5.026978,0.082031,1.294434,1Mb,resnet34
2.359424,8.119446,5.897705,0.099731,1.688599,1Mb,resnet34
1.656021,6.117310,4.575073,0.089233,1.204041,1Mb,resnet34
1.636309,6.104797,4.597778,0.071716,1.164001,1Mb,resnet34
3.007717,9.184570,6.603821,0.091736,2.028015,1Mb,resnet34
2.089949,6.946228,5.214355,0.058105,1.423828,1Mb,resnet34
2.406154,8.130676,5.947021,0.087585,1.683044,1Mb,resnet34
2.848825,8.851318,6.478455,0.091248,1.936279,1Mb,resnet34
2.502440,8.479614,6.280640,0.088074,1.743225,1Mb,resnet34
1.988839,7.144287,5.404480,0.084595,1.421570,1Mb,resnet34
2.524643,7.960999,5.889526,0.090088,1.739746,1Mb,resnet34
2.855259,8.785767,6.438660,0.085327,1.941040,1Mb,resnet34
2.618252,8.913696,6.737366,0.090881,1.810364,1Mb,resnet34
2.578047,8.364380,6.168335,0.086487,1.772278,1Mb,resnet34
2.680887,8.388245,6.158569,0.086121,1.833374,1Mb,resnet34
2.615990,8.411743,6.182983,0.097168,1.819763,1Mb,resnet34
3.951773,10.962463,7.925232,0.086731,2.593140,1Mb,resnet34
3.510698,10.227600,7.364319,0.094543,2.346497,1Mb,resnet34
5.968190,15.032043,10.537842,0.122131,3.832275,1Mb,resnet34
2.819687,8.640869,6.371460,0.093140,1.927185,1Mb,resnet34
2.650562,8.508301,6.236816,0.087708,1.808777,1Mb,resnet34
2.618703,9.314575,6.968445,0.090210,1.885071,1Mb,resnet34
2.833432,9.437195,7.009521,0.091248,1.927063,1Mb,resnet34
4.156348,11.530579,8.183228,0.101318,2.714539,1Mb,resnet34
2.642900,8.714905,6.456665,0.085205,1.827454,1Mb,resnet34
2.694578,8.900452,6.568970,0.086243,1.894226,1Mb,resnet34
2.790841,8.598999,6.329956,0.062683,1.862488,1Mb,resnet34
2.657813,9.237549,6.699646,0.089966,1.814453,1Mb,resnet34
1.580657,6.447388,4.853516,0.087219,1.174072,1Mb,resnet34
1.708754,6.742493,5.142029,0.089417,1.255554,1Mb,resnet34
2.794910,8.746033,6.310974,0.093018,1.913940,1Mb,resnet34
2.462331,7.969971,5.883118,0.087280,1.722595,1Mb,resnet34
2.367195,8.114746,5.997620,0.088806,1.669250,1Mb,resnet34
2.682437,8.422791,6.209167,0.089050,1.835938,1Mb,resnet34
1.716728,5.949158,4.461792,0.057251,1.178528,1Mb,resnet34
1.975311,7.150452,5.379028,0.083740,1.401672,1Mb,resnet34
6.769268,68.471741,31.432861,0.098145,4.614563,1Mb,resnet18
3.062799,9.066406,6.515808,0.067078,2.018127,1Mb,resnet18
1.847147,5.918762,4.330322,0.057373,1.254761,1Mb,resnet18
2.324611,7.119446,5.089294,0.061890,1.543823,1Mb,resnet18
2.484055,7.356506,5.288696,0.064087,1.645752,1Mb,resnet18
2.724169,7.918396,5.660034,0.070068,1.803772,1Mb,resnet18
1.952672,6.234497,4.601685,0.059265,1.324219,1Mb,resnet18
1.819157,6.057617,4.411133,0.058289,1.248962,1Mb,resnet18
4.183800,12.040649,8.653381,0.079041,2.746887,1Mb,resnet18
2.613438,7.586548,5.490479,0.064331,1.734253,1Mb,resnet18
2.411224,7.038818,5.075989,0.062927,1.583984,1Mb,resnet18
1.575938,5.456116,4.064026,0.055298,1.094727,1Mb,resnet18
2.648375,7.577209,5.459778,0.064453,1.744995,1Mb,resnet18
2.892866,7.970398,5.622925,0.059692,1.878174,1Mb,resnet18
1.858955,6.095642,4.531433,0.064331,1.283203,1Mb,resnet18
3.363021,9.268127,6.598938,0.074280,2.181091,1Mb,resnet18
1.799856,5.831482,4.334900,0.059021,1.229675,1Mb,resnet18
3.994078,10.666992,7.523254,0.073730,2.587097,1Mb,resnet18
2.262900,7.059875,5.226013,0.056946,1.548523,1Mb,resnet18
3.019384,8.280518,5.855286,0.069275,1.951782,1Mb,resnet18
3.114914,9.127991,6.608276,0.072388,2.038452,1Mb,resnet18
2.402568,7.368530,5.389038,0.061829,1.614258,1Mb,resnet18
1.994911,6.298096,4.606018,0.061096,1.354675,1Mb,resnet18
1.864487,6.008240,4.401306,0.061218,1.265869,1Mb,resnet18
1.558566,5.446167,4.067261,0.055664,1.095947,1Mb,resnet18
1.498553,5.212708,3.908936,0.047119,1.042725,1Mb,resnet18
1.727767,5.685364,4.175293,0.065247,1.187683,1Mb,resnet18
1.805006,5.928223,4.382690,0.058289,1.237488,1Mb,resnet18
2.916133,8.197571,5.790588,0.068237,1.915955,1Mb,resnet18
2.565346,7.304321,5.229614,0.066345,1.697449,1Mb,resnet18
2.730202,7.809387,5.544556,0.065613,1.813965,1Mb,resnet18
2.678260,7.684265,5.555542,0.062439,1.766663,1Mb,resnet18
2.085186,6.549744,4.743469,0.063049,1.395935,1Mb,resnet18
2.663062,7.763611,5.579285,0.065063,1.757874,1Mb,resnet18
2.123320,8.201416,6.294312,0.061157,1.469666,1Mb,resnet18
5.297608,13.782959,9.688904,0.086975,3.347839,1Mb,resnet18
2.310002,6.956543,5.059326,0.059143,1.519165,1Mb,resnet18
2.647733,7.646790,5.514404,0.066040,1.736450,1Mb,resnet18
3.380241,8.994385,6.441895,0.064941,2.164307,1Mb,resnet18
1.920330,6.295715,4.617920,0.058777,1.313354,1Mb,resnet18
2.596723,7.606934,5.490295,0.060791,1.711243,1Mb,resnet18
2.612198,7.709045,5.518799,0.065552,1.703491,1Mb,resnet18
2.909246,8.328125,5.947083,0.067139,1.904663,1Mb,resnet18
1.873091,6.086304,4.446899,0.061218,1.266052,1Mb,resnet18
2.429431,7.405029,5.426880,0.061462,1.622986,1Mb,resnet18
1.990201,6.391052,4.668396,0.060120,1.338745,1Mb,resnet18
2.349719,7.289612,5.321472,0.065186,1.591675,1Mb,resnet18
2.310324,7.756104,5.728149,0.062012,1.590027,1Mb,resnet18
2.671999,7.580261,5.432251,0.063538,1.749756,1Mb,resnet18
2.659448,7.628601,5.516113,0.066223,1.751892,1Mb,resnet18
2.543233,7.749084,5.552124,0.093506,1.725952,1Mb,resnet18
2.701281,7.766418,5.570007,0.095215,1.794128,1Mb,resnet18
3.528637,9.440796,6.644470,0.097595,2.295166,1Mb,resnet18
3.535610,9.686401,6.902649,0.098022,2.305603,1Mb,resnet18
1.843613,6.094482,4.527222,0.079773,1.293701,1Mb,resnet18
4.515532,11.432251,7.922791,0.103271,2.899719,1Mb,resnet18
2.585481,7.650391,5.491089,0.086609,1.744202,1Mb,resnet18
2.163178,7.075378,5.232727,0.085388,1.504456,1Mb,resnet18
1.812150,5.695374,4.194824,0.056946,1.228394,1Mb,resnet18
2.416010,8.103516,6.065674,0.085693,1.648193,1Mb,resnet18
4.267400,11.017578,7.707947,0.103027,2.762207,1Mb,resnet18
2.626916,7.513428,5.423584,0.082825,1.740784,1Mb,resnet18
2.661220,8.031250,5.797852,0.089905,1.799194,1Mb,resnet18
1.842594,5.863770,4.311035,0.079651,1.280579,1Mb,resnet18
2.774926,8.465637,6.145569,0.084778,1.860046,1Mb,resnet18
2.653686,8.012939,5.782776,0.092041,1.790894,1Mb,resnet18
4.272040,11.059326,7.675537,0.095886,2.737976,1Mb,resnet18
2.686604,8.467468,6.213806,0.087952,1.824829,1Mb,resnet18
2.511349,7.714111,5.609131,0.087036,1.717529,1Mb,resnet18
3.320681,9.504272,6.699097,0.095825,2.207703,1Mb,resnet18
2.978836,8.935547,6.545471,0.090698,1.987549,1Mb,resnet18
2.727350,7.963135,5.652222,0.091553,1.832336,1Mb,resnet18
2.474888,7.220703,5.188171,0.086487,1.653687,1Mb,resnet18
1.543680,5.753418,4.316101,0.072571,1.117676,1Mb,resnet18
2.488837,12.658264,10.251160,0.101624,1.870422,1Mb,resnet18
1.741361,7.355896,5.780762,0.044312,1.229004,1Mb,resnet18
1.643429,6.038147,4.566040,0.083923,1.192444,1Mb,resnet18
2.644099,8.253113,5.946777,0.090698,1.815796,1Mb,resnet18
3.194808,9.037048,6.443420,0.092834,2.132202,1Mb,resnet18
2.483100,7.918518,5.676147,0.084717,1.695435,1Mb,resnet18
1.675746,5.846252,4.311768,0.081238,1.206177,1Mb,resnet18
2.017892,6.516296,4.784485,0.079834,1.417603,1Mb,resnet18
2.438869,7.382935,5.295410,0.088257,1.637024,1Mb,resnet18
1.568944,5.692383,4.252869,0.084473,1.150879,1Mb,resnet18
2.518910,7.794495,5.612122,0.097290,1.726196,1Mb,resnet18
1.776996,6.714050,5.068359,0.079102,1.267273,1Mb,resnet18
1.660090,5.915161,4.421082,0.080750,1.202759,1Mb,resnet18
1.898169,6.567871,4.846558,0.082031,1.335144,1Mb,resnet18
2.754810,8.231934,5.922546,0.089966,1.835022,1Mb,resnet18
1.709637,6.136230,4.596924,0.081116,1.222595,1Mb,resnet18
2.494957,7.667786,5.542603,0.086121,1.681396,1Mb,resnet18
2.962801,8.886963,6.444458,0.092957,2.000427,1Mb,resnet18
1.769197,6.054626,4.515747,0.081482,1.251526,1Mb,resnet18
2.731031,8.045166,5.755615,0.086914,1.813721,1Mb,resnet18
2.769918,8.082031,5.842651,0.088989,1.872131,1Mb,resnet18
2.848267,8.134949,5.859131,0.091797,1.894043,1Mb,resnet18
2.026984,6.287659,4.633667,0.079285,1.382751,1Mb,resnet18
2.506916,7.878357,5.741577,0.087280,1.715942,1Mb,resnet18
1.810610,6.195984,4.589417,0.082825,1.265930,1Mb,resnet18
3.092765,9.049805,6.649841,0.093384,2.023499,1Mb,resnet18
7.425879,49.170105,42.008606,0.097229,5.434692,1Mb,resnet152
2.148380,10.341858,8.278076,0.085449,1.624390,1Mb,resnet152
2.590055,11.164795,8.864868,0.086426,1.903259,1Mb,resnet152
3.018946,12.134705,9.376038,0.093323,2.155884,1Mb,resnet152
3.622588,13.299561,10.210693,0.095520,2.541016,1Mb,resnet152
2.162143,10.214478,8.193237,0.088623,1.654114,1Mb,resnet152
2.926502,16.299866,13.568359,0.088257,2.256714,1Mb,resnet152
3.348727,14.347717,11.437927,0.088562,2.405518,1Mb,resnet152
2.823236,11.191528,8.734497,0.093750,2.022400,1Mb,resnet152
2.580864,11.182983,8.910522,0.096130,1.913452,1Mb,resnet152
2.724052,11.596985,9.219177,0.093323,2.009644,1Mb,resnet152
2.683231,13.242798,10.715881,0.086914,2.076050,1Mb,resnet152
2.279852,10.311768,8.185486,0.088074,1.705383,1Mb,resnet152
3.076982,11.948914,9.305664,0.091248,2.192810,1Mb,resnet152
2.131474,10.198120,8.232483,0.100464,1.631836,1Mb,resnet152
2.095709,9.906250,8.063049,0.079285,1.580505,1Mb,resnet152
2.451380,10.561768,8.371216,0.085327,1.791321,1Mb,resnet152
3.130882,11.797180,9.216614,0.067261,2.165649,1Mb,resnet152
2.338506,10.751770,8.559143,0.086609,1.744995,1Mb,resnet152
1.800481,9.475464,7.745422,0.083496,1.417419,1Mb,resnet152
1.815823,9.627930,7.817505,0.082825,1.418518,1Mb,resnet152
3.721928,13.761414,10.594055,0.095764,2.603882,1Mb,resnet152
3.186327,12.150146,9.356995,0.088745,2.253357,1Mb,resnet152
3.797331,13.865234,10.734253,0.101013,2.631958,1Mb,resnet152
2.662743,10.724365,8.365845,0.084229,1.903381,1Mb,resnet152
4.193658,14.550964,10.878296,0.107117,2.877502,1Mb,resnet152
2.601339,10.785767,8.499939,0.095642,1.880432,1Mb,resnet152
6.772571,19.322815,13.982483,0.118713,4.420837,1Mb,resnet152
3.034967,12.061035,9.432983,0.101440,2.184875,1Mb,resnet152
2.728697,11.565002,9.065613,0.084656,1.988892,1Mb,resnet152
3.132067,11.982544,9.297791,0.092529,2.207214,1Mb,resnet152
3.283648,12.539185,9.703125,0.092285,2.298828,1Mb,resnet152
2.098701,9.993347,8.010193,0.082947,1.593628,1Mb,resnet152
2.474537,11.457703,9.197754,0.085754,1.835083,1Mb,resnet152
2.672451,11.104858,8.716187,0.093689,1.953857,1Mb,resnet152
2.641718,11.134155,8.766357,0.088501,1.923584,1Mb,resnet152
2.258440,10.932617,8.741333,0.096680,1.773621,1Mb,resnet152
1.664548,9.179932,7.527039,0.090820,1.338684,1Mb,resnet152
2.417125,10.717651,8.473511,0.086182,1.807495,1Mb,resnet152
2.541029,12.261414,9.684448,0.084595,1.943298,1Mb,resnet152
2.050772,10.017944,8.039429,0.083984,1.576599,1Mb,resnet152
2.978072,12.490112,9.627014,0.157104,2.231445,1Mb,resnet152
2.601795,11.214233,8.879272,0.086792,1.912964,1Mb,resnet152
2.175547,10.466431,8.400330,0.088196,1.655151,1Mb,resnet152
2.905037,11.951050,9.426636,0.093445,2.110657,1Mb,resnet152
2.770696,11.045898,8.675659,0.087158,1.991211,1Mb,resnet152
2.890715,12.169189,9.709534,0.089478,2.088013,1Mb,resnet152
2.473518,10.809143,8.618591,0.086243,1.826599,1Mb,resnet152
2.774149,11.204224,8.802124,0.091980,1.992188,1Mb,resnet152
6.658799,19.245056,13.853455,0.192383,4.402649,1Mb,resnet152
2.896363,11.474670,9.032104,0.092163,2.079590,1Mb,resnet152
2.787979,11.613525,9.256958,0.072815,1.997620,1Mb,resnet152
2.044828,9.514709,7.714783,0.062927,1.512390,1Mb,resnet152
1.951164,9.738281,7.874939,0.084595,1.512390,1Mb,resnet152
2.936523,11.811707,9.232483,0.092896,2.102905,1Mb,resnet152
2.945275,11.727356,9.182251,0.066833,2.070251,1Mb,resnet152
2.511117,11.164551,8.815430,0.101501,1.886353,1Mb,resnet152
2.748654,12.308472,9.729675,0.104553,2.037720,1Mb,resnet152
4.517205,15.269043,11.470093,0.101257,3.074402,1Mb,resnet152
2.499928,10.782043,8.593140,0.087158,1.833252,1Mb,resnet152
1.880330,9.625671,7.768127,0.083557,1.462097,1Mb,resnet152
2.641478,11.398071,8.923828,0.094116,1.949280,1Mb,resnet152
2.604738,11.716614,9.359131,0.085693,1.920715,1Mb,resnet152
2.577362,10.687195,8.457703,0.089539,1.872559,1Mb,resnet152
7.769051,22.068481,15.877502,0.128357,5.055725,1Mb,resnet152
2.628070,11.114685,8.776550,0.085938,1.933411,1Mb,resnet152
2.039382,9.737915,7.867859,0.087891,1.545105,1Mb,resnet152
2.098829,10.864624,8.813599,0.079651,1.615601,1Mb,resnet152
2.194082,10.287903,8.215393,0.088196,1.664917,1Mb,resnet152
2.575275,10.956360,8.716492,0.077942,1.873474,1Mb,resnet152
2.468461,11.191162,8.938660,0.090271,1.841370,1Mb,resnet152
2.255495,10.536499,8.473389,0.079407,1.689331,1Mb,resnet152
2.662692,11.246094,8.933655,0.092590,1.949402,1Mb,resnet152
2.667703,11.312378,8.912048,0.086365,1.948853,1Mb,resnet152
4.836809,15.583801,11.634460,0.104431,3.244446,1Mb,resnet152
2.165145,10.239502,8.212830,0.085693,1.647461,1Mb,resnet152
2.279312,10.526733,8.350037,0.092285,1.727356,1Mb,resnet152
1.997047,9.934753,8.071960,0.088501,1.549683,1Mb,resnet152
2.733524,11.529114,9.025635,0.093323,1.999146,1Mb,resnet152
2.313356,10.968811,8.841309,0.085449,1.743225,1Mb,resnet152
3.063655,12.397217,9.771423,0.091064,2.171265,1Mb,resnet152
2.634603,11.108398,8.789307,0.087036,1.920715,1Mb,resnet152
2.573910,11.112366,8.810425,0.087280,1.878357,1Mb,resnet152
2.736219,11.296570,8.949768,0.089050,1.981628,1Mb,resnet152
2.871191,11.853394,9.263245,0.090149,2.042175,1Mb,resnet152
2.719938,11.080933,8.798035,0.085876,1.959534,1Mb,resnet152
2.388361,10.725586,8.571777,0.086914,1.767151,1Mb,resnet152
2.742878,11.342102,9.016174,0.088379,1.996338,1Mb,resnet152
3.065225,12.296509,9.682678,0.085815,2.177490,1Mb,resnet152
3.210806,12.089600,9.456970,0.090149,2.262329,1Mb,resnet152
3.056780,12.388367,9.660706,0.093079,2.218323,1Mb,resnet152
2.629610,11.277222,8.888855,0.085022,1.917236,1Mb,resnet152
1.966039,10.530273,8.649109,0.083801,1.532776,1Mb,resnet152
1.973776,9.777527,7.909546,0.081665,1.518616,1Mb,resnet152
2.339216,10.763977,8.616577,0.084045,1.735718,1Mb,resnet152
3.034126,11.956543,9.310547,0.100098,2.160095,1Mb,resnet152
3.352559,12.407959,9.565125,0.103149,2.334839,1Mb,resnet152
2.010927,10.338928,8.338806,0.088257,1.564087,1Mb,resnet152
1.690572,9.813293,8.000854,0.095276,1.384338,1Mb,resnet152
2.591015,11.181519,8.809570,0.097229,1.881104,1Mb,resnet152
7.043142,39.711914,33.005493,0.117310,4.996582,1Mb,resnet50
2.517226,8.646057,6.418823,0.087097,1.766235,1Mb,resnet50
2.595627,8.821777,6.595337,0.086243,1.820862,1Mb,resnet50
1.722935,7.379333,5.677673,0.085571,1.330200,1Mb,resnet50
6.762831,17.095703,11.835510,0.119995,4.338684,1Mb,resnet50
1.747830,6.911682,5.273193,0.089478,1.299194,1Mb,resnet50
2.900224,9.175110,6.750916,0.095581,1.975403,1Mb,resnet50
1.868518,7.520752,5.737671,0.082092,1.387085,1Mb,resnet50
2.691303,9.008057,6.693970,0.093018,1.886353,1Mb,resnet50
1.648042,6.988770,5.385864,0.082275,1.264648,1Mb,resnet50
2.451148,10.140930,7.847107,0.083801,1.798096,1Mb,resnet50
1.616992,6.558594,5.076538,0.070862,1.195618,1Mb,resnet50
2.581602,8.854736,6.623474,0.089355,1.822754,1Mb,resnet50
2.573638,8.975220,6.669373,0.089661,1.817444,1Mb,resnet50
2.565514,8.604736,6.348145,0.088806,1.822449,1Mb,resnet50
2.935507,9.577759,7.078064,0.091064,2.038208,1Mb,resnet50
2.756972,9.103088,6.728394,0.087891,1.944214,1Mb,resnet50
1.872195,7.396973,5.717957,0.082703,1.395630,1Mb,resnet50
2.775644,9.133118,6.717651,0.085632,1.934387,1Mb,resnet50
2.797891,8.642456,6.371399,0.090088,1.926636,1Mb,resnet50
1.710415,6.863342,5.207642,0.083252,1.277283,1Mb,resnet50
2.708843,8.939819,6.656921,0.090088,1.890320,1Mb,resnet50
3.128197,9.985107,7.379517,0.100708,2.165405,1Mb,resnet50
1.527707,7.000671,5.569824,0.068420,1.150513,1Mb,resnet50
3.245688,9.854309,7.147644,0.095398,2.199158,1Mb,resnet50
2.083171,7.378418,5.612488,0.057129,1.457703,1Mb,resnet50
2.278308,8.115784,6.118469,0.088867,1.638916,1Mb,resnet50
1.703523,6.955200,5.312439,0.080994,1.291565,1Mb,resnet50
3.638237,10.822937,7.908875,0.096313,2.453918,1Mb,resnet50
2.556388,8.788696,6.598206,0.087524,1.809692,1Mb,resnet50
2.457198,8.589294,6.471863,0.083923,1.749634,1Mb,resnet50
2.390967,8.279602,6.211182,0.085449,1.711914,1Mb,resnet50
2.699422,8.958740,6.586304,0.093140,1.880798,1Mb,resnet50
1.983661,7.553894,5.789917,0.082092,1.452332,1Mb,resnet50
2.576135,8.819336,6.612000,0.085449,1.809692,1Mb,resnet50
2.512139,8.569519,6.389282,0.088135,1.768555,1Mb,resnet50
1.724470,7.151489,5.518494,0.083496,1.301331,1Mb,resnet50
1.721769,7.677368,6.025452,0.070679,1.302429,1Mb,resnet50
2.472829,8.187988,6.211914,0.055908,1.705444,1Mb,resnet50
2.538357,8.742981,6.560669,0.083252,1.794189,1Mb,resnet50
1.881888,7.327515,5.515564,0.092285,1.415344,1Mb,resnet50
1.544697,6.536133,5.052002,0.076172,1.194153,1Mb,resnet50
1.895972,6.996582,5.342590,0.058777,1.353577,1Mb,resnet50
2.460972,8.484802,6.340210,0.089233,1.738220,1Mb,resnet50
4.519591,12.638000,9.035706,0.101318,3.012756,1Mb,resnet50
2.599153,8.941650,6.688416,0.090576,1.869690,1Mb,resnet50
3.923413,11.522583,8.177795,0.110840,2.677368,1Mb,resnet50
2.746785,8.707397,6.397949,0.095764,1.916260,1Mb,resnet50
2.564482,8.703796,6.472290,0.087402,1.816956,1Mb,resnet50
2.519692,9.340088,7.115540,0.090271,1.807129,1Mb,resnet50
2.092884,7.758545,5.886719,0.087952,1.543640,1Mb,resnet50
2.599150,8.816467,6.502197,0.089722,1.821045,1Mb,resnet50
2.915235,9.799255,7.296326,0.092712,2.069336,1Mb,resnet50
1.672834,6.979065,5.349548,0.077759,1.275696,1Mb,resnet50
2.929822,9.718872,7.122498,0.100037,2.062927,1Mb,resnet50
2.833816,9.343689,6.925720,0.089111,1.984497,1Mb,resnet50
2.688707,9.058044,6.703491,0.085571,1.889709,1Mb,resnet50
1.930244,7.339111,5.602051,0.081055,1.427002,1Mb,resnet50
2.527406,8.446289,6.349976,0.083008,1.770508,1Mb,resnet50
2.626321,8.673218,6.374329,0.089172,1.833740,1Mb,resnet50
2.012392,7.477051,5.709534,0.085327,1.466858,1Mb,resnet50
2.860853,9.292297,6.886108,0.092712,1.996094,1Mb,resnet50
2.352453,8.124756,6.085266,0.085938,1.678955,1Mb,resnet50
3.328004,10.482666,7.753357,0.096436,2.272400,1Mb,resnet50
3.523666,10.541931,7.766296,0.089600,2.386536,1Mb,resnet50
2.731073,8.739868,6.528503,0.089966,1.899902,1Mb,resnet50
2.864394,9.381287,6.938965,0.091125,2.004761,1Mb,resnet50
3.810925,11.378418,8.321106,0.098938,2.575928,1Mb,resnet50
2.520044,8.816650,6.589294,0.091064,1.799072,1Mb,resnet50
2.811625,9.106262,6.723633,0.095642,1.939880,1Mb,resnet50
2.792466,9.392334,7.021912,0.089722,1.960754,1Mb,resnet50
1.814699,7.262695,5.582703,0.081360,1.367249,1Mb,resnet50
2.370207,8.537109,6.471130,0.088379,1.709351,1Mb,resnet50
2.662974,8.958313,6.693909,0.086670,1.869995,1Mb,resnet50
2.390755,8.826050,6.740540,0.085083,1.699280,1Mb,resnet50
3.261501,10.330322,7.577148,0.093628,2.244202,1Mb,resnet50
2.395017,8.618225,6.472595,0.084412,1.721497,1Mb,resnet50
2.206923,7.842468,5.976990,0.068848,1.570435,1Mb,resnet50
2.514136,8.968445,6.741943,0.087769,1.804199,1Mb,resnet50
5.812310,15.660706,10.995544,0.111694,3.818420,1Mb,resnet50
1.749913,7.217712,5.586731,0.080444,1.346008,1Mb,resnet50
1.647237,7.020020,5.360291,0.091797,1.270630,1Mb,resnet50
2.091445,7.879883,5.976624,0.090454,1.534973,1Mb,resnet50
2.540443,8.797974,6.534180,0.084839,1.809631,1Mb,resnet50
2.166557,7.910461,6.033020,0.078613,1.568054,1Mb,resnet50
2.010754,7.471985,5.622437,0.083008,1.460327,1Mb,resnet50
1.976785,7.780579,5.844666,0.094971,1.472473,1Mb,resnet50
2.548862,9.509949,7.292297,0.095947,1.818481,1Mb,resnet50
1.951870,7.775146,5.960938,0.086731,1.450745,1Mb,resnet50
2.538732,8.335022,6.145752,0.083374,1.757202,1Mb,resnet50
1.795487,7.206787,5.497437,0.084473,1.347168,1Mb,resnet50
1.637298,7.144531,5.554382,0.082764,1.275269,1Mb,resnet50
2.437315,8.429016,6.305908,0.083679,1.748413,1Mb,resnet50
2.880226,9.636108,7.101562,0.096802,2.021729,1Mb,resnet50
2.648576,8.967407,6.667297,0.083984,1.861328,1Mb,resnet50
1.716834,6.969666,5.317017,0.079956,1.310547,1Mb,resnet50
2.443621,8.791931,6.505859,0.095947,1.760437,1Mb,resnet50
1.757031,7.201660,5.525818,0.086914,1.328369,1Mb,resnet50
2.499697,8.889465,6.618408,0.086182,1.790405,1Mb,resnet50
2.913001,8.858887,6.589600,0.046753,1.912781,1Mb,resnet50
